wl,baseline,buffer,gfp,yfp,lysozyme
550,-0.00041,-0.00013,0.00063,0.05395,0.0294
549.8,-0.00037,-0.00019,0.00072,0.05385,0.02947
549.6,-0.0003,-7.00E-05,0.0009,0.05364,0.02935
549.4,-0.00031,5.00E-05,0.00075,0.05356,0.02933
549.2,-0.00039,0.0001,0.00066,0.05354,0.02931
549,-0.00032,-0.00023,0.00077,0.05358,0.02906
548.8,-0.00015,-0.00046,0.00064,0.05355,0.02908
548.6,-0.00022,-0.00025,0.00063,0.05367,0.0291
548.4,-0.00043,-0.00017,0.00069,0.05379,0.02916
548.2,-0.00033,-0.00015,0.00051,0.05332,0.02904
548,-0.00035,-0.00011,0.00064,0.05313,0.029
547.8,-0.00028,-0.00044,0.00067,0.05316,0.02911
547.6,-0.00033,-0.00038,0.00069,0.0532,0.02932
547.4,-0.00037,-0.00024,0.00064,0.05337,0.02915
547.2,-0.00035,-0.00016,0.00064,0.05355,0.02901
547,-0.00053,-2.00E-05,0.00073,0.05348,0.02898
546.8,-0.00042,-0.00026,0.00065,0.05328,0.02888
546.6,-0.00046,-0.00021,0.00074,0.05343,0.02924
546.4,-0.00045,-0.00014,0.00064,0.05327,0.02925
546.2,-0.00019,-0.0005,0.00054,0.05292,0.02858
546,-0.00025,-0.00033,0.00053,0.05301,0.02871
545.8,-0.00057,9.00E-05,0.00079,0.05324,0.02904
545.6,-0.00068,7.00E-05,0.00105,0.05328,0.02907
545.4,-0.0005,-6.00E-05,0.00082,0.05318,0.02903
545.2,-0.00036,-0.00015,0.00051,0.0532,0.02873
545,-0.0004,-7.00E-05,0.00056,0.05315,0.02878
544.8,-0.00039,-0.00019,0.00059,0.0531,0.02883
544.6,-0.00039,-0.00033,0.00052,0.05305,0.02889
544.4,-0.00056,-0.00012,0.00073,0.05326,0.02894
544.2,-0.00062,-0.00016,0.00093,0.0533,0.02899
544,-0.00058,-0.00029,0.00096,0.05302,0.02906
543.8,-0.00057,-0.00018,0.0009,0.05307,0.02894
543.6,-0.0004,-0.00028,0.00059,0.05288,0.02863
543.4,-0.00045,-0.0002,0.00066,0.05279,0.02867
543.2,-0.00062,2.00E-05,0.00087,0.05301,0.02883
543,-0.00056,-0.00011,0.00082,0.053,0.0288
542.8,-0.00057,-0.00017,0.00079,0.05295,0.02889
542.6,-0.00058,-5.00E-05,0.00062,0.0529,0.02879
542.4,-0.00051,-5.00E-05,0.00051,0.05285,0.02848
542.2,-0.00046,-0.0003,0.00066,0.05288,0.02858
542,-0.00058,-0.00016,0.00084,0.053,0.02882
541.8,-0.00066,-1.00E-05,0.00084,0.05301,0.02891
541.6,-0.00062,-5.00E-05,0.00075,0.05298,0.02882
541.4,-0.00055,-0.00012,0.00058,0.05288,0.02842
541.2,-0.00046,-0.00027,0.00057,0.05289,0.02835
541,-0.00048,-0.00016,0.00071,0.05294,0.02863
540.8,-0.00058,-0.00017,0.0008,0.0529,0.02868
540.6,-0.00065,-0.00011,0.00084,0.05305,0.0286
540.4,-0.00068,-7.00E-05,0.00084,0.05296,0.02862
540.2,-0.00064,-0.00011,0.00071,0.05296,0.02865
540,-0.0006,-0.00019,0.00074,0.05311,0.02867
539.8,-0.0006,-0.00038,0.00075,0.05305,0.02851
539.6,-0.00063,-0.00024,0.00066,0.05309,0.02829
539.4,-0.00074,-7.00E-05,0.00079,0.05306,0.02847
539.2,-0.00057,-0.00036,0.00063,0.05287,0.02859
539,-0.00032,-0.00052,0.00052,0.05265,0.02832
538.8,-0.00069,-0.00019,0.00084,0.05302,0.02853
538.6,-0.0009,0.0001,0.00109,0.05328,0.02867
538.4,-0.00065,-3.00E-05,0.00088,0.053,0.02839
538.2,-0.00063,-0.00035,0.00079,0.05303,0.02835
538,-0.00075,-0.00041,0.00067,0.05325,0.02862
537.8,-0.00066,-0.00022,0.00058,0.05303,0.02851
537.6,-0.00067,-6.00E-05,0.0008,0.05307,0.02834
537.4,-0.0008,-7.00E-05,0.0009,0.05335,0.02839
537.2,-0.00082,-6.00E-05,0.0009,0.0532,0.02846
537,-0.0007,-0.00023,0.00058,0.05326,0.02829
536.8,-0.00061,-0.00053,0.00053,0.05325,0.02814
536.6,-0.00081,-0.00032,0.00079,0.05361,0.02838
536.4,-0.00084,2.00E-05,0.001,0.05378,0.02855
536.2,-0.00065,-0.00011,0.00097,0.05338,0.02831
536,-0.00057,-0.00032,0.00065,0.0533,0.02814
535.8,-0.00064,-0.00038,0.00064,0.05357,0.02829
535.6,-0.00065,-0.00028,0.00076,0.05373,0.02819
535.4,-0.00077,-0.00014,0.00085,0.05381,0.02837
535.2,-0.00086,-0.00018,0.00088,0.05391,0.02851
535,-0.00066,-0.00038,0.00084,0.0538,0.02822
534.8,-0.00076,-0.0002,0.00101,0.05405,0.02821
534.6,-0.00085,-7.00E-05,0.00085,0.05417,0.02819
534.4,-0.00081,-0.00018,0.00092,0.05416,0.02824
534.2,-0.0009,3.00E-05,0.00098,0.0543,0.02849
534,-0.00081,-3.00E-05,0.00071,0.05428,0.02823
533.8,-0.00072,-0.00035,0.00072,0.05445,0.02794
533.6,-0.00082,-0.0001,0.00088,0.05478,0.02818
533.4,-0.0008,-5.00E-05,0.00074,0.05484,0.02812
533.2,-0.0008,-0.0002,0.00079,0.05489,0.0279
533,-0.00081,-0.00019,0.00088,0.05497,0.02794
532.8,-0.00071,-0.00027,0.00066,0.05511,0.02799
532.6,-0.001,6.00E-05,0.00099,0.05543,0.02848
532.4,-0.0012,0.00023,0.00125,0.05575,0.02847
532.2,-0.0011,9.00E-05,0.00115,0.05585,0.02796
532,-0.00082,-0.00016,0.00084,0.05581,0.02778
531.8,-0.00073,-0.00022,0.00074,0.05595,0.02793
531.6,-0.0009,-0.0002,0.00093,0.05604,0.02812
531.4,-0.001,-0.00016,0.00113,0.05623,0.02808
531.2,-0.0009,-0.00023,0.001,0.0564,0.02801
531,-0.00078,-0.00025,0.00071,0.05654,0.0279
530.8,-0.00091,-0.00015,0.00087,0.0568,0.02795
530.6,-0.00083,-0.00037,0.0009,0.05696,0.02788
530.4,-0.00079,-0.00029,0.00093,0.05752,0.0278
530.2,-0.00106,3.87E-11,0.00099,0.05804,0.02805
530,-0.00105,-7.00E-05,0.00105,0.05805,0.02801
529.8,-0.0009,-0.00016,0.00108,0.05821,0.02772
529.6,-0.00103,4.31E-11,0.00114,0.0584,0.02772
529.4,-0.00104,-0.00011,0.00111,0.05872,0.02777
529.2,-0.00088,-0.00025,0.00063,0.05899,0.02794
529,-0.00083,-0.00018,0.00057,0.05916,0.02791
528.8,-0.0009,-0.00011,0.00092,0.05933,0.02756
528.6,-0.00097,-0.0001,0.0011,0.05985,0.02771
528.4,-0.00101,-0.00021,0.00118,0.06041,0.02777
528.2,-0.00115,1.00E-05,0.00102,0.06071,0.02779
528,-0.00089,-0.00015,0.00071,0.0608,0.02765
527.8,-0.00081,-0.00036,0.00088,0.06124,0.02753
527.6,-0.00099,-0.00026,0.00106,0.06175,0.02766
527.4,-0.00102,-0.00015,0.00104,0.06206,0.02776
527.2,-0.00104,0.00011,0.00097,0.06261,0.02763
527,-0.00102,-2.00E-05,0.00111,0.063,0.02752
526.8,-0.00093,-7.00E-05,0.00109,0.06325,0.02765
526.6,-0.00089,-0.00019,0.00096,0.06373,0.0275
526.4,-0.00107,-0.00025,0.00113,0.06441,0.02768
526.2,-0.00111,-0.00011,0.00121,0.06504,0.0278
526,-0.00106,-0.00022,0.00115,0.06549,0.02763
525.8,-0.00113,-2.00E-05,0.00104,0.0658,0.02763
525.6,-0.00115,0.00013,0.00107,0.06633,0.0277
525.4,-0.00104,-0.00017,0.00127,0.06696,0.02761
525.2,-0.00092,-0.00046,0.00126,0.06741,0.02732
525,-0.00084,-0.0005,0.00117,0.06781,0.02717
524.8,-0.00103,-0.00031,0.00112,0.0685,0.02747
524.6,-0.00118,-0.00026,0.00105,0.06911,0.02765
524.4,-0.0011,-0.00022,0.00122,0.06966,0.02746
524.2,-0.00111,-0.00021,0.00137,0.07043,0.02749
524,-0.00108,-0.00034,0.00111,0.07112,0.02748
523.8,-0.00099,-0.00045,0.00085,0.07166,0.02731
523.6,-0.00112,-0.00025,0.00116,0.07232,0.02742
523.4,-0.00129,-0.0001,0.00144,0.07322,0.02767
523.2,-0.00105,-0.00022,0.00118,0.07366,0.02743
523,-0.00088,-0.00021,0.00098,0.07418,0.02702
522.8,-0.00112,-0.00014,0.00126,0.07505,0.02728
522.6,-0.00112,-0.00025,0.00139,0.07572,0.02727
522.4,-0.00107,-0.00028,0.00137,0.07631,0.02709
522.2,-0.00105,-0.00034,0.00134,0.07695,0.02716
522,-0.00114,-0.00025,0.00148,0.07811,0.02723
521.8,-0.0013,-8.00E-05,0.00151,0.07901,0.02727
521.6,-0.00124,-0.00016,0.00149,0.07963,0.02731
521.4,-0.0014,1.00E-04,0.00176,0.08052,0.02763
521.2,-0.00128,-0.0001,0.00171,0.08122,0.02742
521,-0.00086,-0.00055,0.00132,0.08173,0.02696
520.8,-0.00099,-0.00041,0.00132,0.08247,0.0269
520.6,-0.00133,-0.00011,0.00165,0.08366,0.02711
520.4,-0.00129,-0.00014,0.00169,0.08446,0.02735
520.2,-0.00116,-0.00019,0.00156,0.08515,0.02728
520,-0.00139,-0.0001,0.00182,0.08534,0.02676
519.8,-0.00146,-0.00019,0.00205,0.08623,0.02661
519.6,-0.00144,-0.00012,0.00188,0.0871,0.0265
519.4,-0.00144,-0.00013,0.00178,0.08796,0.02672
519.2,-0.00155,-1.00E-05,0.00195,0.08874,0.02697
519,-0.00152,-5.00E-05,0.00205,0.08964,0.02683
518.8,-0.00136,-0.00026,0.00188,0.09048,0.0265
518.6,-0.00136,-0.00017,0.00182,0.0913,0.02645
518.4,-0.00134,-0.00022,0.0019,0.09205,0.02629
518.2,-0.00136,-0.0002,0.00197,0.09293,0.02632
518,-0.0015,0.00026,0.00212,0.09399,0.0268
517.8,-0.00151,0.0001,0.00227,0.09476,0.02686
517.6,-0.00144,-0.00027,0.00228,0.09543,0.02648
517.4,-0.00147,-3.00E-05,0.00234,0.09622,0.02647
517.2,-0.00144,3.00E-05,0.00239,0.0971,0.02657
517,-0.00143,-0.00014,0.00246,0.09784,0.02661
516.8,-0.00159,-4.00E-05,0.00271,0.09872,0.02675
516.6,-0.00159,1.00E-05,0.0028,0.09976,0.02661
516.4,-0.00134,-0.00026,0.00254,0.10043,0.02619
516.2,-0.00139,-0.00026,0.00272,0.10114,0.02641
516,-0.00167,1.00E-05,0.00308,0.10225,0.02676
515.8,-0.00153,-0.00011,0.00284,0.10276,0.02652
515.6,-0.00152,-3.00E-05,0.00285,0.10333,0.02666
515.4,-0.00166,0.00012,0.00319,0.10433,0.0267
515.2,-0.00145,-0.00026,0.00314,0.10481,0.02634
515,-0.00155,-0.00015,0.00327,0.1055,0.02658
514.8,-0.00179,9.00E-05,0.00361,0.10637,0.0268
514.6,-0.00147,-0.00041,0.0035,0.10665,0.02649
514.4,-0.00149,-0.00027,0.00361,0.10723,0.02634
514.2,-0.00174,8.00E-05,0.00394,0.10813,0.02639
514,-0.00164,-0.00021,0.0037,0.10874,0.02636
513.8,-0.00169,0.00013,0.00392,0.10939,0.02652
513.6,-0.00159,6.00E-05,0.00416,0.10972,0.02658
513.4,-0.00153,-0.00029,0.00418,0.11004,0.02635
513.2,-0.00162,-0.00012,0.00442,0.11054,0.02624
513,-0.00162,-0.0001,0.00433,0.11111,0.02654
512.8,-0.00155,-0.00027,0.00444,0.11154,0.02655
512.6,-0.00141,-0.00059,0.00455,0.11185,0.02614
512.4,-0.0014,-0.00052,0.00446,0.11215,0.02619
512.2,-0.00166,2.00E-05,0.00505,0.11268,0.02644
512,-0.0016,-0.0001,0.0054,0.11307,0.0262
511.8,-0.00152,-0.00024,0.0054,0.11324,0.02627
511.6,-0.0016,-7.00E-05,0.00573,0.1135,0.02644
511.4,-0.00155,-0.00027,0.00604,0.11385,0.02626
511.2,-0.00178,-4.00E-05,0.00623,0.11429,0.02665
511,-0.00176,-2.00E-05,0.00614,0.11437,0.02669
510.8,-0.00164,-0.0003,0.00631,0.11436,0.02644
510.6,-0.00168,-0.00025,0.00666,0.11453,0.02641
510.4,-0.00177,2.00E-05,0.0069,0.11474,0.02631
510.2,-0.00179,-7.00E-05,0.00728,0.11475,0.02632
510,-0.00167,-0.0003,0.00749,0.11465,0.02634
509.8,-0.00174,-0.00015,0.00766,0.1149,0.02631
509.6,-0.00185,-6.00E-05,0.00794,0.115,0.02644
509.4,-0.00182,-8.00E-05,0.00828,0.11467,0.02638
509.2,-0.00172,-0.00021,0.00853,0.11454,0.02619
509,-0.00183,-0.00018,0.00885,0.11479,0.0264
508.8,-0.00178,-0.00019,0.0091,0.11464,0.02617
508.6,-0.00182,-6.00E-05,0.00939,0.11468,0.02611
508.4,-0.00182,-0.00011,0.00963,0.11449,0.02613
508.2,-0.00169,-0.00021,0.0097,0.11416,0.02611
508,-0.00178,-0.0001,0.01023,0.11422,0.02627
507.8,-0.00176,-0.00012,0.01057,0.11407,0.02606
507.6,-0.00188,-3.00E-05,0.0108,0.11413,0.02615
507.4,-0.00187,-0.00014,0.01122,0.11402,0.02641
507.2,-0.00188,0.00011,0.0116,0.11381,0.02651
507,-0.00184,6.00E-05,0.01176,0.11343,0.02617
506.8,-0.00168,-0.00036,0.01196,0.11315,0.02594
506.6,-0.00189,-0.00016,0.01253,0.11324,0.02626
506.4,-0.00193,-0.00014,0.01297,0.11299,0.02622
506.2,-0.00171,-0.00027,0.01303,0.11255,0.02599
506,-0.00175,-0.00018,0.01328,0.11237,0.02606
505.8,-0.002,9.50E-11,0.01387,0.11234,0.0262
505.6,-0.00192,-0.00017,0.01412,0.11199,0.02614
505.4,-0.00188,-0.00027,0.01462,0.11171,0.02625
505.2,-0.00201,-5.00E-05,0.01509,0.11164,0.02634
505,-0.00187,-0.00016,0.01523,0.11121,0.02609
504.8,-0.00177,-0.00029,0.01553,0.11085,0.02595
504.6,-0.00192,-0.00017,0.01594,0.11081,0.0261
504.4,-0.00194,-0.00012,0.01634,0.11047,0.02604
504.2,-0.00201,2.00E-05,0.0168,0.11051,0.02591
504,-0.00206,1.00E-05,0.01712,0.11045,0.02588
503.8,-0.00201,-4.00E-05,0.01741,0.10996,0.02595
503.6,-0.00194,2.00E-05,0.01772,0.10989,0.02592
503.4,-0.00199,8.00E-05,0.01829,0.10986,0.02607
503.2,-0.00209,8.00E-05,0.01877,0.10973,0.02615
503,-0.00202,-0.00018,0.0189,0.10952,0.02583
502.8,-0.00195,-0.00038,0.01917,0.10923,0.02562
502.6,-0.00206,-9.00E-05,0.01965,0.109,0.02601
502.4,-0.00203,-6.00E-05,0.02007,0.10883,0.02614
502.2,-0.00187,-0.00034,0.02025,0.10871,0.02563
502,-0.00187,-0.00041,0.02053,0.10829,0.02553
501.8,-0.00203,-0.00025,0.02102,0.10806,0.02573
501.6,-0.00204,-0.00012,0.02129,0.10773,0.02586
501.4,-0.00204,-1.00E-05,0.02157,0.10699,0.02598
501.2,-0.00225,0.0002,0.02257,0.10694,0.02597
501,-0.00223,0.00012,0.02286,0.10653,0.02579
500.8,-0.00214,-3.00E-05,0.02284,0.10559,0.02572
500.6,-0.00206,6.00E-05,0.0234,0.10498,0.02574
500.4,-0.00216,0.00016,0.02375,0.10464,0.02586
500.2,-0.00223,2.00E-05,0.024,0.10415,0.02574
500,-0.00206,-0.00021,0.02426,0.10353,0.02545
499.8,-0.00221,-0.00012,0.02475,0.10338,0.02578
499.6,-0.00217,-0.00019,0.02499,0.10286,0.02584
499.4,-0.00204,-0.00031,0.02525,0.10206,0.02558
499.2,-0.00202,-0.00011,0.0257,0.10165,0.02549
499,-0.00214,5.00E-05,0.02585,0.10149,0.02552
498.8,-0.00242,0.00016,0.02629,0.10156,0.02587
498.6,-0.00221,-0.00021,0.02658,0.10097,0.02564
498.4,-0.00208,-0.0003,0.02676,0.1003,0.02539
498.2,-0.00221,-7.00E-05,0.02736,0.10026,0.02555
498,-0.00226,-0.00024,0.0276,0.10014,0.02543
497.8,-0.00223,-0.00025,0.02777,0.09982,0.02547
497.6,-0.00223,-0.00013,0.02819,0.09964,0.02566
497.4,-0.00226,-6.00E-05,0.02849,0.09945,0.02555
497.2,-0.00222,-9.25E-11,0.02878,0.0992,0.02524
497,-0.00215,-2.00E-05,0.02913,0.09901,0.02532
496.8,-0.00223,4.00E-05,0.02942,0.0989,0.02546
496.6,-0.0022,-0.00023,0.0295,0.09869,0.02527
496.4,-0.00221,-0.0002,0.02989,0.09854,0.02528
496.2,-0.00212,-0.00027,0.03022,0.09851,0.02519
496,-0.00204,-0.00044,0.03035,0.09836,0.02526
495.8,-0.00224,-0.00022,0.03088,0.09808,0.02545
495.6,-0.00241,-4.27E-11,0.03156,0.09804,0.02541
495.4,-0.00238,-1.00E-05,0.03157,0.09797,0.02522
495.2,-0.00211,-0.00036,0.03157,0.09757,0.02505
495,-0.00209,-0.00039,0.03189,0.09743,0.02508
494.8,-0.00231,-0.00011,0.03237,0.09746,0.02508
494.6,-0.00236,8.00E-05,0.0328,0.09734,0.02511
494.4,-0.00235,3.00E-05,0.03282,0.0971,0.02514
494.2,-0.00212,-0.00043,0.03307,0.09672,0.02495
494,-0.00211,-0.00043,0.0335,0.09655,0.02481
493.8,-0.00229,-0.00016,0.03383,0.09658,0.02492
493.6,-0.00224,-0.00014,0.03415,0.09646,0.02495
493.4,-0.00217,-0.0002,0.03434,0.09616,0.02482
493.2,-0.00241,-0.00015,0.03481,0.09623,0.02512
493,-0.00238,-0.00014,0.035,0.09608,0.02515
492.8,-0.00209,-0.00029,0.03497,0.09558,0.02483
492.6,-0.00227,-0.00033,0.03536,0.09579,0.02481
492.4,-0.00248,-0.00018,0.03576,0.09596,0.02476
492.2,-0.00249,-3.00E-05,0.03613,0.09565,0.02486
492,-0.00231,-0.00013,0.03635,0.09526,0.02505
491.8,-0.00248,2.47E-11,0.03673,0.09531,0.02519
491.6,-0.00242,-0.0001,0.03685,0.09504,0.02483
491.4,-0.00218,-0.00027,0.03701,0.09459,0.02436
491.2,-0.00236,-0.00033,0.03752,0.09481,0.02456
491,-0.00253,4.00E-05,0.03795,0.09473,0.02484
490.8,-0.00246,0.00012,0.03793,0.09458,0.02466
490.6,-0.00229,-0.00027,0.03798,0.09428,0.02446
490.4,-0.00247,-0.00022,0.03856,0.09412,0.02467
490.2,-0.00249,-0.00021,0.03893,0.09398,0.02469
490,-0.0024,-0.00018,0.03914,0.09362,0.02458
489.8,-0.0026,-0.0001,0.03958,0.09359,0.02473
489.6,-0.00268,-9.00E-05,0.0398,0.09356,0.02482
489.4,-0.00248,-0.00036,0.03976,0.09353,0.02456
489.2,-0.00244,-0.00035,0.04016,0.09333,0.02423
489,-0.00261,8.32E-11,0.04059,0.09325,0.0243
488.8,-0.00269,1.00E-05,0.04084,0.09329,0.02454
488.6,-0.00253,-0.00029,0.04098,0.09302,0.02429
488.4,-0.00245,-0.0003,0.04113,0.09291,0.02436
488.2,-0.00268,-4.00E-05,0.04167,0.09296,0.02462
488,-0.00275,-0.00011,0.04187,0.09265,0.02454
487.8,-0.00277,-9.54E-11,0.04216,0.0927,0.02451
487.6,-0.00261,-0.00012,0.04231,0.0927,0.02444
487.4,-0.00244,-0.00043,0.0423,0.0922,0.02436
487.2,-0.00257,-0.00024,0.04294,0.0923,0.02414
487,-0.00267,-7.00E-05,0.04315,0.09222,0.02411
486.8,-0.00259,-9.00E-05,0.04323,0.09185,0.02424
486.6,-0.0026,-0.00013,0.04362,0.09202,0.02423
486.4,-0.00272,-0.00011,0.0437,0.09211,0.02423
486.2,-0.00266,-0.00011,0.04389,0.09196,0.02414
486,-0.00271,-4.00E-05,0.04451,0.09191,0.02425
485.8,-0.00261,-0.00022,0.04458,0.09175,0.02435
485.6,-0.00242,-0.00026,0.04447,0.09133,0.02408
485.4,-0.00263,-8.00E-05,0.04502,0.09138,0.02427
485.2,-0.0028,-0.00018,0.04551,0.09174,0.02442
485,-0.00279,-5.00E-05,0.04569,0.09186,0.02433
484.8,-0.00271,-0.00011,0.0457,0.0915,0.02426
484.6,-0.00264,-0.00039,0.04583,0.09109,0.02397
484.4,-0.00275,-0.00025,0.04621,0.09135,0.02418
484.2,-0.00282,2.00E-05,0.04657,0.09132,0.02436
484,-0.00281,-0.00012,0.04678,0.09108,0.02415
483.8,-0.00265,-0.00043,0.04648,0.091,0.02391
483.6,-0.00282,-0.00018,0.04693,0.09124,0.02406
483.4,-0.0029,0.00012,0.0474,0.09111,0.02434
483.2,-0.00272,-4.00E-05,0.04727,0.09075,0.02421
483,-0.0028,-0.00027,0.04762,0.09089,0.02407
482.8,-0.00283,-0.00023,0.04784,0.0908,0.02402
482.6,-0.00283,1.00E-05,0.04802,0.09066,0.02391
482.4,-0.00282,-9.00E-05,0.0481,0.09058,0.02383
482.2,-0.00291,-2.00E-05,0.04824,0.09063,0.02401
482,-0.00288,-8.00E-05,0.04849,0.09042,0.02413
481.8,-0.00277,-0.00034,0.04863,0.09025,0.02407
481.6,-0.00279,-0.0003,0.04877,0.09017,0.02378
481.4,-0.0029,-6.00E-05,0.04892,0.09014,0.02365
481.2,-0.00291,-4.00E-05,0.04902,0.09019,0.02396
481,-0.00294,-9.00E-05,0.04917,0.09008,0.02406
480.8,-0.0029,3.00E-05,0.04933,0.0899,0.02388
480.6,-0.00291,-8.00E-05,0.04946,0.0898,0.02391
480.4,-0.00311,-6.77E-11,0.04972,0.0899,0.02382
480.2,-0.00304,-1.00E-05,0.04993,0.0897,0.02388
480,-0.00284,-0.00026,0.04981,0.08947,0.02374
479.8,-0.00299,-9.00E-05,0.05016,0.08949,0.0237
479.6,-0.00301,-0.00014,0.05037,0.08937,0.02381
479.4,-0.00288,-0.00038,0.05014,0.08917,0.02368
479.2,-0.00284,-0.00029,0.0503,0.08898,0.02353
479,-0.00278,-0.00024,0.05033,0.08887,0.02349
478.8,-0.00286,-0.0001,0.05019,0.08891,0.02371
478.6,-0.00294,-0.00011,0.05033,0.08875,0.02372
478.4,-0.00296,-0.00012,0.05061,0.08865,0.02361
478.2,-0.003,-6.00E-05,0.05087,0.08857,0.02366
478,-0.00306,-0.00022,0.05085,0.08835,0.02377
477.8,-0.00323,-4.00E-05,0.05105,0.0884,0.02384
477.6,-0.00314,-5.00E-05,0.0512,0.08819,0.02356
477.4,-0.00293,-0.00016,0.05098,0.08782,0.0234
477.2,-0.00313,-0.00015,0.05121,0.08803,0.02361
477,-0.00313,-0.00016,0.05129,0.08802,0.02353
476.8,-0.00289,-0.00017,0.05126,0.08746,0.02341
476.6,-0.00294,-0.00022,0.05123,0.08725,0.02345
476.4,-0.00322,4.00E-05,0.05133,0.08766,0.0236
476.2,-0.00326,0.00014,0.05147,0.08753,0.0238
476,-0.00318,-2.98E-13,0.05158,0.08716,0.02367
475.8,-0.0032,-8.08E-11,0.05157,0.08709,0.02351
475.6,-0.00329,-3.00E-05,0.05145,0.08699,0.02364
475.4,-0.00332,-0.00027,0.05151,0.08679,0.02369
475.2,-0.00322,-0.00021,0.05132,0.08638,0.02356
475,-0.0032,-5.00E-05,0.05141,0.08631,0.02351
474.8,-0.00309,-0.00031,0.05142,0.08601,0.02335
474.6,-0.00312,-0.00028,0.05141,0.08582,0.02313
474.4,-0.00332,4.00E-05,0.05153,0.086,0.02347
474.2,-0.00339,-5.00E-05,0.05144,0.08591,0.02358
474,-0.00337,-5.00E-05,0.05143,0.08553,0.02326
473.8,-0.00332,-0.00017,0.05145,0.08537,0.02329
473.6,-0.00336,-0.00028,0.05138,0.08527,0.02342
473.4,-0.00344,-0.00026,0.05152,0.08508,0.0235
473.2,-0.0035,-8.00E-05,0.05166,0.08496,0.02345
473,-0.00343,-8.00E-05,0.05152,0.08472,0.02331
472.8,-0.00327,-0.0003,0.05154,0.08453,0.02311
472.6,-0.00333,-0.00017,0.05138,0.08457,0.02325
472.4,-0.00343,-0.00015,0.05136,0.08439,0.02349
472.2,-0.00355,-9.00E-05,0.0515,0.08415,0.02347
472,-0.00361,-2.00E-05,0.05136,0.08414,0.02358
471.8,-0.00361,-1.00E-05,0.05133,0.0841,0.02354
471.6,-0.00356,-3.00E-05,0.05128,0.08392,0.02346
471.4,-0.00352,-1.00E-05,0.05111,0.08365,0.02359
471.2,-0.00356,-3.00E-05,0.05127,0.08352,0.02342
471,-0.00348,-0.00017,0.05133,0.08329,0.02311
470.8,-0.0033,-0.00027,0.05096,0.08292,0.02299
470.6,-0.00339,-0.00012,0.05096,0.08294,0.02322
470.4,-0.00351,-0.0001,0.05111,0.08289,0.02333
470.2,-0.00358,-2.00E-05,0.05108,0.08274,0.02317
470,-0.00362,-0.00015,0.05082,0.08261,0.02311
469.8,-0.00358,-0.00024,0.05082,0.08222,0.02308
469.6,-0.00359,-0.00022,0.05077,0.08222,0.02302
469.4,-0.00363,-0.00019,0.05062,0.08235,0.02318
469.2,-0.00363,-0.00015,0.05072,0.08212,0.02317
469,-0.0035,-0.00022,0.05054,0.08181,0.02287
468.8,-0.00352,-0.0002,0.05044,0.08169,0.02302
468.6,-0.00372,5.00E-05,0.0506,0.08166,0.02313
468.4,-0.00371,0.00019,0.05054,0.08144,0.02316
468.2,-0.00368,2.00E-05,0.0503,0.08115,0.02317
468,-0.00371,-8.00E-05,0.05013,0.08113,0.02312
467.8,-0.00362,-0.00034,0.05021,0.08121,0.02291
467.6,-0.00376,-0.00013,0.05024,0.08126,0.02297
467.4,-0.00381,1.00E-05,0.04981,0.08122,0.0231
467.2,-0.00371,-0.00034,0.04957,0.08085,0.02298
467,-0.00388,-8.00E-05,0.04978,0.08066,0.02282
466.8,-0.00399,0.00016,0.04981,0.08085,0.02274
466.6,-0.00389,-5.00E-05,0.04965,0.08091,0.02294
466.4,-0.00385,-0.00013,0.04961,0.08065,0.02301
466.2,-0.00381,-0.0001,0.04948,0.0803,0.02292
466,-0.00382,-7.00E-05,0.04951,0.08025,0.02278
465.8,-0.00386,-0.00025,0.04947,0.08029,0.02279
465.6,-0.00396,-0.00023,0.04926,0.08037,0.02275
465.4,-0.00395,-0.00028,0.0491,0.08041,0.02269
465.2,-0.00397,-0.00031,0.04903,0.08021,0.02299
465,-0.00408,-7.00E-05,0.04898,0.08007,0.023
464.8,-0.00407,0.00016,0.04889,0.08002,0.0227
464.6,-0.00406,0.00012,0.04882,0.08005,0.02267
464.4,-0.00415,-5.00E-05,0.04872,0.08014,0.02266
464.2,-0.00417,-0.00016,0.04848,0.08002,0.02288
464,-0.00403,-0.00024,0.04846,0.07986,0.02296
463.8,-0.00399,-0.00012,0.04854,0.07989,0.02239
463.6,-0.00401,-0.00038,0.04832,0.07978,0.02246
463.4,-0.00433,-0.00021,0.04844,0.08003,0.02283
463.2,-0.00424,-0.00012,0.04805,0.07992,0.02248
463,-0.00402,-0.0003,0.04768,0.0797,0.02245
462.8,-0.00427,-0.0002,0.0481,0.07993,0.02278
462.6,-0.00418,-0.00032,0.04808,0.07989,0.02264
462.4,-0.0041,-0.00015,0.0478,0.07986,0.02248
462.2,-0.00413,-0.00013,0.04753,0.07981,0.02239
462,-0.00413,-0.00028,0.04739,0.07981,0.02222
461.8,-0.00436,2.00E-05,0.04767,0.08008,0.02248
461.6,-0.00439,8.00E-05,0.04761,0.08015,0.02261
461.4,-0.00406,-0.00031,0.04712,0.07989,0.02239
461.2,-0.00406,-0.00053,0.04723,0.08003,0.02235
461,-0.00428,-0.00042,0.04714,0.08021,0.02233
460.8,-0.00436,-0.00019,0.047,0.08037,0.02243
460.6,-0.00424,-0.0002,0.04693,0.08035,0.0224
460.4,-0.00435,-5.00E-05,0.04676,0.08038,0.02229
460.2,-0.00444,-8.00E-05,0.04682,0.08054,0.02235
460,-0.00422,-0.00041,0.04666,0.0803,0.02214
459.8,-0.00429,-0.00035,0.04656,0.08035,0.02237
459.6,-0.0045,-8.00E-05,0.04681,0.08052,0.02255
459.4,-0.0045,-2.00E-05,0.04672,0.0807,0.0223
459.2,-0.00442,-0.00024,0.04639,0.08098,0.0223
459,-0.00444,-0.00023,0.04636,0.0812,0.02239
458.8,-0.00453,-0.00025,0.04643,0.08129,0.02236
458.6,-0.00435,-0.0005,0.04619,0.08099,0.02208
458.4,-0.00437,-0.0003,0.04602,0.08136,0.02217
458.2,-0.00447,-0.0001,0.04605,0.08159,0.0222
458,-0.00445,-0.00022,0.04594,0.08159,0.02201
457.8,-0.00457,-0.00021,0.04604,0.08184,0.02196
457.6,-0.00462,-0.00013,0.04601,0.08196,0.02233
457.4,-0.00461,-0.00012,0.04584,0.08224,0.02242
457.2,-0.00446,-0.00027,0.04565,0.0821,0.02192
457,-0.00442,-0.00048,0.04548,0.08223,0.02196
456.8,-0.00455,-0.00036,0.04561,0.08284,0.0221
456.6,-0.00462,-7.00E-05,0.04552,0.08304,0.02214
456.4,-0.00466,-0.00011,0.04546,0.08326,0.02217
456.2,-0.0046,-0.00031,0.04549,0.0835,0.02202
456,-0.0047,-0.00014,0.04554,0.08372,0.02223
455.8,-0.00468,-0.00023,0.04537,0.08388,0.02214
455.6,-0.00454,-0.00029,0.04493,0.08403,0.02191
455.4,-0.00468,-6.00E-05,0.04511,0.08429,0.02211
455.2,-0.00485,-6.00E-05,0.04538,0.08474,0.02232
455,-0.00476,-0.0002,0.04514,0.08497,0.02205
454.8,-0.00464,-0.00019,0.04493,0.08484,0.02168
454.6,-0.0047,-0.0001,0.04493,0.08519,0.02189
454.4,-0.00466,-0.00021,0.04489,0.08554,0.02189
454.2,-0.00465,-0.00022,0.04486,0.0858,0.02193
454,-0.00475,-0.00014,0.04494,0.08615,0.0221
453.8,-0.00476,-6.00E-05,0.04485,0.0865,0.022
453.6,-0.00471,-0.00012,0.04452,0.08677,0.02193
453.4,-0.00471,-0.00022,0.04457,0.08716,0.02189
453.2,-0.00481,-0.00022,0.04472,0.08755,0.0217
453,-0.00477,-8.00E-05,0.04465,0.08779,0.02157
452.8,-0.0047,-7.00E-05,0.04456,0.08814,0.02168
452.6,-0.00494,-0.0002,0.04478,0.08869,0.02192
452.4,-0.00491,-0.0003,0.04468,0.08898,0.02193
452.2,-0.00472,-0.00034,0.04425,0.08912,0.02162
452,-0.00483,-2.00E-05,0.04442,0.0896,0.02148
451.8,-0.00482,-2.00E-05,0.04439,0.09011,0.02153
451.6,-0.00459,-0.00038,0.04414,0.09033,0.02139
451.4,-0.00471,-6.00E-05,0.04424,0.09083,0.02155
451.2,-0.00495,0.00015,0.04448,0.09151,0.02182
451,-0.00489,-0.00016,0.04456,0.09177,0.0214
450.8,-0.00484,-5.00E-05,0.04424,0.09222,0.02138
450.6,-0.00477,-0.0001,0.04405,0.09259,0.02154
450.4,-0.00474,-0.00014,0.04413,0.09278,0.0214
450.2,-0.00496,0.0001,0.04422,0.0935,0.02157
450,-0.00491,-0.00018,0.04434,0.09406,0.02162
449.8,-0.00471,-0.00041,0.04411,0.09415,0.0212
449.6,-0.00479,-0.00042,0.04395,0.09471,0.02113
449.4,-0.0048,-0.00032,0.04397,0.09537,0.02141
449.2,-0.00467,-0.00021,0.04385,0.09571,0.0212
449,-0.0048,1.00E-05,0.04408,0.09642,0.02127
448.8,-0.00481,-4.00E-05,0.04423,0.09692,0.02148
448.6,-0.0048,-0.00019,0.04407,0.09743,0.02133
448.4,-0.0048,-0.00011,0.04408,0.09785,0.02101
448.2,-0.00472,-0.00013,0.04416,0.09833,0.02099
448,-0.0049,-0.00025,0.04437,0.09927,0.0213
447.8,-0.00493,-0.00035,0.04439,0.09983,0.02134
447.6,-0.00486,-1.00E-04,0.04427,0.10024,0.0212
447.4,-0.00464,-0.00043,0.04407,0.10058,0.02116
447.2,-0.00459,-0.0005,0.04408,0.10123,0.02117
447,-0.00486,0.00015,0.04453,0.10227,0.02116
446.8,-0.00503,0.00023,0.04465,0.10307,0.02135
446.6,-0.00489,-0.00018,0.04461,0.10348,0.02134
446.4,-0.00474,-0.0001,0.04476,0.10387,0.02119
446.2,-0.00483,2.00E-05,0.04482,0.10469,0.02118
446,-0.00488,-0.00027,0.04491,0.10557,0.02135
445.8,-0.00492,-0.00027,0.04508,0.10604,0.02149
445.6,-0.005,-4.00E-05,0.04531,0.10675,0.02147
445.4,-0.00479,-5.00E-05,0.04529,0.10737,0.0212
445.2,-0.00469,-0.0002,0.04529,0.10799,0.0211
445,-0.00495,0.0001,0.04563,0.10897,0.02135
444.8,-0.00501,7.00E-05,0.04581,0.10977,0.02146
444.6,-0.00502,4.05E-11,0.04584,0.11037,0.02163
444.4,-0.0048,-0.00019,0.04599,0.11097,0.02145
444.2,-0.00468,-0.00019,0.04635,0.11183,0.02124
444,-0.00469,-0.00014,0.04644,0.11247,0.02128
443.8,-0.00466,-0.00038,0.04633,0.11309,0.02128
443.6,-0.00483,-0.0001,0.04663,0.11424,0.02142
443.4,-0.00473,-0.00029,0.04674,0.11505,0.02133
443.2,-0.0047,-0.00046,0.047,0.11574,0.0213
443,-0.0049,-0.00022,0.04763,0.11671,0.02134
442.8,-0.00476,-0.00018,0.04773,0.11733,0.02113
442.6,-0.00464,-0.00019,0.04784,0.11816,0.02116
442.4,-0.00475,-0.00015,0.04828,0.11933,0.02114
442.2,-0.00479,-0.00011,0.04859,0.12028,0.0211
442,-0.00491,0.00019,0.04906,0.12117,0.02149
441.8,-0.00477,0.00017,0.0495,0.12186,0.02134
441.6,-0.00468,-0.00031,0.0496,0.12279,0.0211
441.4,-0.00482,-0.00028,0.04995,0.12398,0.02122
441.2,-0.00471,-0.00029,0.05036,0.1248,0.0211
441,-0.00475,-0.00037,0.05085,0.12586,0.02119
440.8,-0.00489,-0.00031,0.05136,0.12686,0.02126
440.6,-0.0051,-6.00E-05,0.05205,0.12806,0.02162
440.4,-0.00503,-1.00E-05,0.05251,0.12898,0.02172
440.2,-0.00482,-0.00025,0.0527,0.12952,0.02145
440,-0.00486,-4.00E-05,0.05315,0.13049,0.02136
439.8,-0.00484,-0.00021,0.05379,0.13169,0.02137
439.6,-0.00486,-0.00041,0.05438,0.13286,0.02158
439.4,-0.00484,-0.00023,0.05479,0.13375,0.02148
439.2,-0.00482,-0.00043,0.05546,0.1348,0.02142
439,-0.0049,-0.00045,0.05611,0.13598,0.02156
438.8,-0.00502,-0.00019,0.05679,0.1372,0.02172
438.6,-0.00511,-5.00E-05,0.05765,0.13846,0.02171
438.4,-0.00494,-0.00021,0.05826,0.13932,0.02145
438.2,-0.00492,-0.0002,0.05887,0.14027,0.02137
438,-0.005,1.00E-05,0.05958,0.14146,0.02152
437.8,-0.00496,-5.00E-05,0.06034,0.14249,0.0216
437.6,-0.00489,-0.0003,0.06102,0.14368,0.02161
437.4,-0.00476,-0.00041,0.06165,0.14454,0.0214
437.2,-0.00494,-0.0002,0.06274,0.14572,0.02157
437,-0.0051,-0.00012,0.06384,0.14733,0.0219
436.8,-0.00503,-6.00E-05,0.06446,0.14834,0.02178
436.6,-0.00494,-0.00016,0.0651,0.14917,0.02162
436.4,-0.00483,-0.00035,0.06603,0.15034,0.02139
436.2,-0.00481,-0.00032,0.06694,0.15168,0.02137
436,-0.00499,-0.00016,0.06814,0.1531,0.02194
435.8,-0.00512,-6.00E-05,0.06947,0.15414,0.02223
435.6,-0.00526,-3.00E-05,0.07045,0.1552,0.02204
435.4,-0.00522,1.66E-10,0.07131,0.15642,0.02176
435.2,-0.00504,-1.00E-04,0.07235,0.15754,0.02166
435,-0.00481,-0.00038,0.07309,0.15848,0.02164
434.8,-0.00489,-0.00017,0.074,0.15982,0.02167
434.6,-0.00506,-0.00015,0.07534,0.1611,0.02183
434.4,-0.00489,-0.00043,0.07645,0.16223,0.02176
434.2,-0.00511,-1.00E-05,0.07789,0.16363,0.02198
434,-0.00515,-6.00E-05,0.07922,0.16489,0.02198
433.8,-0.00504,-0.00027,0.08018,0.16599,0.02174
433.6,-0.00518,-3.00E-05,0.08146,0.16707,0.02195
433.4,-0.00523,-8.00E-05,0.08279,0.16841,0.02212
433.2,-0.00517,-0.00019,0.08421,0.16959,0.02198
433,-0.00514,-3.00E-05,0.08554,0.17083,0.02181
432.8,-0.00503,-0.00014,0.08659,0.17185,0.02187
432.6,-0.00512,-0.00025,0.08806,0.17304,0.02205
432.4,-0.00526,-0.00022,0.08941,0.17443,0.02215
432.2,-0.0051,-0.00025,0.09059,0.17561,0.02194
432,-0.00519,-2.00E-05,0.09223,0.17682,0.02194
431.8,-0.00525,-0.00019,0.09366,0.17793,0.02188
431.6,-0.00525,-0.00019,0.09509,0.17929,0.0219
431.4,-0.00521,-1.00E-05,0.09659,0.18043,0.02204
431.2,-0.00521,-6.00E-05,0.09802,0.18157,0.02202
431,-0.00531,-8.00E-05,0.09968,0.18286,0.02229
430.8,-0.00531,-0.00018,0.10117,0.18401,0.02226
430.6,-0.0052,-0.00031,0.10233,0.1851,0.02209
430.4,-0.00521,-0.00024,0.10375,0.1862,0.02213
430.2,-0.0053,-5.00E-05,0.10543,0.18734,0.02234
430,-0.00532,-3.00E-05,0.10706,0.18867,0.02236
429.8,-0.00546,2.00E-05,0.10872,0.19009,0.02247
429.6,-0.00541,4.00E-05,0.11014,0.19098,0.02252
429.4,-0.00549,0.00015,0.11189,0.19204,0.02251
429.2,-0.00547,4.00E-05,0.11336,0.19321,0.02236
429,-0.00522,-0.00025,0.11445,0.19409,0.02208
428.8,-0.00536,-0.00025,0.11627,0.1955,0.02242
428.6,-0.00553,-1.00E-05,0.11809,0.19687,0.02274
428.4,-0.00544,-3.00E-05,0.11954,0.19776,0.02244
428.2,-0.00537,-0.00032,0.12102,0.19877,0.02246
428,-0.00531,-0.00042,0.1227,0.19982,0.02255
427.8,-0.00521,-0.00052,0.12428,0.20098,0.02229
427.6,-0.00526,-0.00032,0.12573,0.20206,0.02228
427.4,-0.00537,4.00E-05,0.12747,0.20311,0.02229
427.2,-0.00549,8.00E-05,0.12952,0.20432,0.02251
427,-0.00554,-6.00E-05,0.13112,0.20535,0.02286
426.8,-0.00534,-0.00014,0.13225,0.20614,0.0226
426.6,-0.00521,-0.00013,0.13367,0.20708,0.02224
426.4,-0.0052,-5.00E-05,0.13547,0.20807,0.02248
426.2,-0.00518,-0.00013,0.13728,0.20916,0.02245
426,-0.00533,-1.00E-04,0.13878,0.21042,0.02246
425.8,-0.00535,-2.00E-05,0.14026,0.21138,0.02254
425.6,-0.00513,-0.00033,0.14164,0.21214,0.02238
425.4,-0.005,-0.00028,0.14298,0.21304,0.02236
425.2,-0.00508,-0.0001,0.1447,0.2142,0.02227
425,-0.0051,-0.00017,0.14624,0.21519,0.02244
424.8,-0.00495,-0.00023,0.14775,0.21613,0.0225
424.6,-0.00499,-5.00E-05,0.14937,0.21715,0.02234
424.4,-0.00518,4.00E-05,0.15111,0.21818,0.02249
424.2,-0.00514,6.00E-05,0.1526,0.21911,0.02242
424,-0.00495,-0.0001,0.1539,0.21986,0.02212
423.8,-0.00487,-0.00023,0.15533,0.22073,0.02243
423.6,-0.00497,-3.00E-05,0.15688,0.22175,0.02263
423.4,-0.00506,-0.0001,0.15846,0.22277,0.02257
423.2,-0.00473,-0.00049,0.15959,0.22339,0.02213
423,-0.00476,-0.00036,0.16101,0.22413,0.0221
422.8,-0.00507,-0.00015,0.16268,0.22519,0.02278
422.6,-0.00505,-0.0003,0.16407,0.22602,0.02269
422.4,-0.00506,-0.00032,0.16551,0.22694,0.02251
422.2,-0.0051,-0.00012,0.16693,0.22787,0.02248
422,-0.00503,-1.00E-04,0.16826,0.22859,0.02243
421.8,-0.00499,-0.00013,0.16939,0.22927,0.02257
421.6,-0.00506,-3.00E-05,0.17081,0.2302,0.02266
421.4,-0.00501,-0.00019,0.17226,0.23106,0.02255
421.2,-0.00508,-0.00031,0.17353,0.23209,0.02271
421,-0.00514,-0.00024,0.17475,0.23297,0.02279
420.8,-0.00517,6.00E-05,0.17607,0.23347,0.02271
420.6,-0.00515,0.00016,0.17748,0.23423,0.02258
420.4,-0.00505,-7.00E-05,0.17864,0.23485,0.02246
420.2,-0.00513,-5.00E-05,0.17964,0.23576,0.02258
420,-0.00542,-0.00019,0.1811,0.23661,0.02113
419.8,-0.00554,-0.0001,0.18238,0.23719,0.02137
419.6,-0.00558,7.00E-05,0.18317,0.238,0.02124
419.4,-0.0056,7.00E-05,0.18443,0.23894,0.02122
419.2,-0.00547,-0.00028,0.18564,0.23952,0.02133
419,-0.00536,-0.00042,0.18654,0.24012,0.02115
418.8,-0.00552,-0.00033,0.18764,0.24102,0.02134
418.6,-0.00574,-9.00E-05,0.18896,0.24192,0.0214
418.4,-0.0055,-0.0001,0.18982,0.2422,0.02095
418.2,-0.00554,-0.00016,0.19095,0.24295,0.021
418,-0.00577,1.63E-10,0.19217,0.2441,0.02136
417.8,-0.00565,-0.00011,0.19296,0.24449,0.02147
417.6,-0.00565,-9.00E-05,0.19419,0.2452,0.0213
417.4,-0.00559,-0.00014,0.19514,0.24598,0.02101
417.2,-0.00535,-0.00052,0.19564,0.24624,0.02089
417,-0.00555,-0.00025,0.19694,0.24711,0.021
416.8,-0.00572,-6.00E-05,0.19825,0.24813,0.02094
416.6,-0.00574,-2.00E-05,0.19909,0.24897,0.02117
416.4,-0.00579,3.00E-05,0.19998,0.24949,0.02133
416.2,-0.00564,-0.00026,0.20084,0.24992,0.02112
416,-0.00555,-0.00039,0.20165,0.25044,0.02107
415.8,-0.00577,-0.00016,0.20292,0.25119,0.0211
415.6,-0.00593,-0.00011,0.20395,0.25204,0.02111
415.4,-0.00575,-0.00034,0.20455,0.2523,0.02112
415.2,-0.00563,-0.00044,0.20549,0.25275,0.02095
415,-0.0058,-8.00E-05,0.2065,0.25364,0.02101
414.8,-0.00588,-0.00013,0.20744,0.25435,0.02096
414.6,-0.00591,-0.00017,0.20862,0.25504,0.02085
414.4,-0.00589,0.00012,0.20941,0.25561,0.02099
414.2,-0.00585,-3.00E-05,0.20999,0.256,0.02084
414,-0.00581,-0.00011,0.21102,0.2566,0.02062
413.8,-0.00585,-0.00023,0.21208,0.25739,0.02086
413.6,-0.0059,-0.00039,0.21295,0.25809,0.02109
413.4,-0.00587,-0.00028,0.21382,0.25852,0.02101
413.2,-0.00582,-0.00018,0.21467,0.259,0.02064
413,-0.00567,-0.00042,0.21559,0.25938,0.02033
412.8,-0.00602,-0.00011,0.21668,0.26024,0.02083
412.6,-0.00608,0.00015,0.21765,0.26096,0.02096
412.4,-0.00589,9.00E-05,0.21865,0.26112,0.02065
412.2,-0.0059,-2.00E-05,0.21954,0.26152,0.02051
412,-0.00578,-0.00033,0.22004,0.26192,0.02041
411.8,-0.00577,-0.00041,0.22077,0.26246,0.0204
411.6,-0.00568,-0.00059,0.22175,0.26295,0.02033
411.4,-0.00589,-0.00032,0.22285,0.26366,0.0206
411.2,-0.00595,-0.00012,0.22383,0.26421,0.02065
411,-0.00586,-0.00019,0.2248,0.26449,0.02063
410.8,-0.00599,-0.00014,0.22579,0.26518,0.02058
410.6,-0.00589,-0.00028,0.22659,0.26573,0.02025
410.4,-0.00599,-0.00025,0.22778,0.26604,0.02057
410.2,-0.00608,1.96E-10,0.22884,0.26652,0.02061
410,-0.00604,7.00E-05,0.22946,0.26699,0.02037
409.8,-0.00612,-9.00E-05,0.23043,0.26735,0.02053
409.6,-0.00622,4.00E-05,0.23154,0.26794,0.02045
409.4,-0.00598,-0.00017,0.23219,0.26811,0.01995
409.2,-0.00589,-0.0004,0.2329,0.26839,0.01984
409,-0.00611,-0.00016,0.23406,0.26923,0.02031
408.8,-0.00617,-0.00017,0.23523,0.26946,0.02046
408.6,-0.00611,-0.00025,0.23621,0.2694,0.02039
408.4,-0.00595,-0.00043,0.23707,0.26964,0.02016
408.2,-0.00596,-0.00034,0.23788,0.27013,0.01996
408,-0.00607,-5.00E-05,0.23885,0.27066,0.02008
407.8,-0.00615,-0.00014,0.23978,0.27102,0.02013
407.6,-0.00609,-0.00021,0.24076,0.27118,0.01993
407.4,-0.00602,1.00E-05,0.24161,0.27147,0.02005
407.2,-0.00602,0.00011,0.2426,0.27169,0.02016
407,-0.00607,-0.00013,0.24379,0.27182,0.02027
406.8,-0.00623,-2.00E-05,0.24474,0.27237,0.0205
406.6,-0.00624,6.00E-05,0.24538,0.27266,0.0205
406.4,-0.00599,-0.00025,0.24609,0.27259,0.02013
406.2,-0.00589,-0.00043,0.24708,0.27278,0.01996
406,-0.00597,-0.00041,0.24776,0.27302,0.02007
405.8,-0.00618,-9.00E-05,0.24879,0.27336,0.02009
405.6,-0.00642,0.0002,0.25007,0.27361,0.02048
405.4,-0.00631,-2.00E-05,0.2507,0.27361,0.02076
405.2,-0.00635,1.00E-05,0.25146,0.27392,0.02081
405,-0.00623,-2.00E-05,0.25238,0.2739,0.02051
404.8,-0.00598,-0.00036,0.25317,0.27367,0.0203
404.6,-0.00604,-0.00027,0.25385,0.27377,0.02037
404.4,-0.00613,-0.00017,0.25471,0.27394,0.02054
404.2,-0.00613,-8.00E-05,0.25535,0.27404,0.02069
404,-0.00618,-1.00E-05,0.25597,0.27417,0.02069
403.8,-0.00638,4.00E-05,0.2572,0.2745,0.02075
403.6,-0.00626,-1.00E-04,0.25793,0.27423,0.02056
403.4,-0.00616,-0.00018,0.25832,0.27402,0.02048
403.2,-0.0062,-6.00E-05,0.25903,0.27427,0.02076
403,-0.00623,-4.00E-05,0.25962,0.27429,0.02101
402.8,-0.00616,-0.00014,0.26008,0.27409,0.02098
402.6,-0.00607,-0.00016,0.26062,0.27385,0.02113
402.4,-0.00621,-0.00022,0.26157,0.27398,0.02133
402.2,-0.0063,-0.00032,0.26243,0.27414,0.02119
402,-0.00623,-0.00013,0.26275,0.27392,0.02095
401.8,-0.00637,0.00013,0.26319,0.27399,0.02104
401.6,-0.00657,0.00028,0.26384,0.27397,0.02163
401.4,-0.00649,9.00E-05,0.26436,0.27358,0.0219
401.2,-0.00631,-7.00E-05,0.26465,0.2733,0.02159
401,-0.00629,5.00E-05,0.26512,0.27339,0.02145
400.8,-0.00639,-2.00E-05,0.26573,0.27341,0.02152
400.6,-0.00624,-0.00024,0.26585,0.27288,0.02121
400.4,-0.00624,-0.00032,0.26623,0.27273,0.02128
400.2,-0.00647,-0.00011,0.26702,0.27279,0.0219
400,-0.00665,0.00021,0.26741,0.27273,0.0221
399.8,-0.00667,0.0002,0.26763,0.27267,0.02217
399.6,-0.00653,7.00E-05,0.26786,0.27231,0.0219
399.4,-0.00644,-8.00E-05,0.26807,0.27189,0.02165
399.2,-0.0063,-0.00017,0.26807,0.27129,0.02186
399,-0.0064,-3.00E-05,0.26839,0.27095,0.02213
398.8,-0.00663,5.00E-05,0.26881,0.27117,0.02236
398.6,-0.00638,-0.00027,0.26862,0.27079,0.02194
398.4,-0.00646,-0.00034,0.26866,0.27047,0.02176
398.2,-0.00675,-4.00E-05,0.26915,0.27029,0.02211
398,-0.00705,0.00027,0.26933,0.27003,0.0224
397.8,-0.00735,0.00023,0.26932,0.26984,0.02253
397.6,-0.00738,-0.00015,0.26947,0.26952,0.02266
397.4,-0.00761,-5.00E-05,0.26962,0.26944,0.02276
397.2,-0.00786,0.00017,0.26962,0.26914,0.02267
397,-0.00807,-7.00E-05,0.26972,0.26876,0.02279
396.8,-0.00818,5.00E-05,0.26962,0.26851,0.023
396.6,-0.00819,9.00E-05,0.26947,0.2683,0.02318
396.4,-0.00806,-0.00018,0.26938,0.26779,0.02312
396.2,-0.00785,-0.00028,0.26913,0.26719,0.02291
396,-0.00766,-0.00035,0.26915,0.26682,0.02293
395.8,-0.00745,-0.00013,0.26895,0.26637,0.0231
395.6,-0.00721,-4.75E-11,0.26875,0.2659,0.0231
395.4,-0.00703,-5.00E-05,0.26849,0.26542,0.02315
395.2,-0.00691,-2.00E-05,0.26811,0.26481,0.02321
395,-0.00669,-0.00018,0.26776,0.2644,0.02344
394.8,-0.0066,-6.00E-05,0.26764,0.26405,0.02371
394.6,-0.00658,0.00018,0.26749,0.26356,0.02357
394.4,-0.00656,-2.00E-05,0.26719,0.26313,0.02341
394.2,-0.00653,-0.00015,0.26685,0.26271,0.02356
394,-0.00662,-0.00015,0.26659,0.26241,0.02388
393.8,-0.00652,-0.00044,0.26621,0.26194,0.02368
393.6,-0.00656,-0.00036,0.26594,0.26157,0.02379
393.4,-0.00675,6.00E-05,0.26587,0.26122,0.02405
393.2,-0.00657,-5.00E-05,0.2652,0.26039,0.02392
393,-0.00644,-0.0002,0.26471,0.26004,0.02397
392.8,-0.00652,-0.00021,0.26474,0.25975,0.02407
392.6,-0.00668,2.00E-05,0.26435,0.25919,0.0243
392.4,-0.0068,0.00025,0.26377,0.25887,0.02436
392.2,-0.00683,1.00E-04,0.26344,0.2586,0.0243
392,-0.00664,-6.00E-05,0.26295,0.25795,0.0243
391.8,-0.00666,8.00E-05,0.26267,0.25733,0.02432
391.6,-0.00668,7.00E-05,0.2623,0.25677,0.02426
391.4,-0.00671,-9.00E-05,0.26186,0.2564,0.02448
391.2,-0.00671,-9.00E-05,0.26132,0.25617,0.02455
391,-0.00673,-5.00E-05,0.2608,0.25576,0.02436
390.8,-0.00672,-0.00028,0.26048,0.2551,0.02442
390.6,-0.00662,-0.00029,0.25996,0.25447,0.02472
390.4,-0.00677,1.00E-05,0.2596,0.2543,0.02494
390.2,-0.00698,0.00017,0.25901,0.25393,0.02482
390,-0.00705,0.00024,0.25848,0.25334,0.02504
389.8,-0.00694,8.00E-05,0.25836,0.25273,0.02539
389.6,-0.0067,-4.00E-05,0.25768,0.25198,0.02521
389.4,-0.00689,0.00022,0.25728,0.25159,0.02529
389.2,-0.00689,7.00E-05,0.25673,0.25111,0.02508
389,-0.00662,-0.00036,0.2559,0.25068,0.02492
388.8,-0.00666,-0.00037,0.25553,0.2503,0.02517
388.6,-0.0068,-4.00E-05,0.25529,0.2497,0.02537
388.4,-0.007,5.00E-05,0.25493,0.24933,0.02559
388.2,-0.00683,-0.00017,0.25415,0.24863,0.02543
388,-0.00672,-0.00022,0.25357,0.24803,0.02547
387.8,-0.00662,-0.00033,0.25301,0.24753,0.02529
387.6,-0.00682,-5.00E-05,0.25273,0.24733,0.0255
387.4,-0.00713,0.00032,0.25253,0.24711,0.02587
387.2,-0.00687,-1.00E-04,0.25177,0.24615,0.02563
387,-0.00677,-0.00034,0.25113,0.24549,0.02556
386.8,-0.00707,0.00015,0.25096,0.24531,0.02582
386.6,-0.00705,0.00027,0.25051,0.24467,0.02597
386.4,-0.00683,-0.00013,0.24978,0.24383,0.02606
386.2,-0.00676,-0.00022,0.24908,0.24334,0.02601
386,-0.00682,-0.00019,0.24847,0.243,0.02606
385.8,-0.00681,-0.00041,0.24793,0.24234,0.026
385.6,-0.00684,-0.00033,0.24761,0.24171,0.02598
385.4,-0.00698,7.00E-05,0.24734,0.24133,0.02654
385.2,-0.00703,0.00016,0.24664,0.24102,0.02653
385,-0.00683,-0.00029,0.24591,0.24033,0.02596
384.8,-0.00694,-0.00022,0.2456,0.23983,0.02621
384.6,-0.00717,0.00033,0.24517,0.2395,0.02665
384.4,-0.00697,0.00018,0.24434,0.23871,0.02659
384.2,-0.00689,-0.00026,0.24355,0.23791,0.02655
384,-0.00688,-0.00045,0.24298,0.23729,0.02635
383.8,-0.00701,-0.00015,0.24274,0.23711,0.02647
383.6,-0.0072,0.00015,0.24247,0.2367,0.02699
383.4,-0.00697,-0.00017,0.24175,0.23588,0.02659
383.2,-0.00692,-0.00013,0.241,0.23547,0.02648
383,-0.00711,8.00E-05,0.24057,0.23515,0.02717
382.8,-0.00709,-3.00E-05,0.24006,0.23423,0.02699
382.6,-0.00687,-0.00035,0.23924,0.23323,0.02665
382.4,-0.00683,-0.00027,0.23857,0.23283,0.02678
382.2,-0.00699,-3.00E-05,0.2381,0.23259,0.02702
382,-0.00697,-0.00016,0.23747,0.23198,0.02702
381.8,-0.00706,-6.00E-05,0.23693,0.23129,0.02692
381.6,-0.00703,-0.0001,0.23642,0.23064,0.02685
381.4,-0.00705,-9.00E-05,0.23577,0.23019,0.02701
381.2,-0.00704,-0.00011,0.2351,0.22974,0.02722
381,-0.00701,-0.00029,0.23462,0.22908,0.02729
380.8,-0.00685,-0.00049,0.23376,0.22821,0.02711
380.6,-0.00696,-0.00017,0.23313,0.22757,0.02723
380.4,-0.00719,4.00E-05,0.23285,0.22726,0.02743
380.2,-0.00714,4.00E-05,0.23212,0.22668,0.02736
380,-0.00708,-3.00E-05,0.23104,0.226,0.02723
379.8,-0.00704,-0.00022,0.23027,0.22547,0.02718
379.6,-0.00708,-0.0001,0.22978,0.22491,0.02722
379.4,-0.00698,-0.00025,0.22894,0.22417,0.0271
379.2,-0.00715,-0.00012,0.22833,0.22377,0.02751
379,-0.00711,-0.0002,0.22767,0.22312,0.02747
378.8,-0.00703,-0.00043,0.22694,0.22242,0.02717
378.6,-0.0072,-0.00027,0.22635,0.2219,0.02747
378.4,-0.00727,-0.0001,0.22567,0.22152,0.02764
378.2,-0.00733,-0.0001,0.22485,0.22128,0.02763
378,-0.00723,-7.00E-05,0.22384,0.2204,0.02748
377.8,-0.00713,-3.00E-05,0.22303,0.21952,0.02719
377.6,-0.00718,-7.00E-05,0.22242,0.21897,0.02729
377.4,-0.00728,-0.00012,0.22174,0.21841,0.02783
377.2,-0.00731,-0.00013,0.22086,0.21778,0.02779
377,-0.00729,-0.00018,0.22017,0.21734,0.0274
376.8,-0.00721,-0.00017,0.21944,0.21679,0.02746
376.6,-0.00729,3.00E-05,0.21855,0.21625,0.02768
376.4,-0.00727,8.00E-05,0.21768,0.21556,0.02757
376.2,-0.00733,1.00E-05,0.21699,0.21508,0.02743
376,-0.00754,-7.00E-05,0.21632,0.21462,0.02781
375.8,-0.00735,-0.00018,0.21519,0.21376,0.02774
375.6,-0.00734,-0.0001,0.21431,0.21317,0.02755
375.4,-0.00732,-0.00027,0.2135,0.21288,0.02758
375.2,-0.00719,-0.0004,0.2125,0.21232,0.02741
375,-0.00735,-0.0002,0.21165,0.21151,0.02741
374.8,-0.00751,7.00E-05,0.21103,0.21101,0.02772
374.6,-0.00743,-1.00E-05,0.21016,0.21045,0.0277
374.4,-0.00743,-0.00032,0.20919,0.20991,0.02735
374.2,-0.00748,-7.00E-05,0.20835,0.20936,0.02746
374,-0.00752,0.00016,0.2076,0.20873,0.02775
373.8,-0.00753,3.00E-05,0.20668,0.20799,0.0276
373.6,-0.00747,-0.00011,0.20551,0.20734,0.0274
373.4,-0.00763,-0.00011,0.2048,0.20722,0.02756
373.2,-0.00757,-0.00034,0.204,0.20659,0.02746
373,-0.00745,-0.0004,0.20306,0.20566,0.02742
372.8,-0.00761,2.04E-10,0.20218,0.20549,0.02771
372.6,-0.00769,0.00019,0.20118,0.20515,0.02755
372.4,-0.00775,3.00E-05,0.20042,0.20466,0.02745
372.2,-0.00766,-0.00015,0.19964,0.2039,0.02729
372,-0.0072,-0.00049,0.19819,0.20285,0.02681
371.8,-0.00727,-0.00056,0.19714,0.20234,0.0271
371.6,-0.00752,-0.00034,0.19634,0.20207,0.02732
371.4,-0.00758,-0.00018,0.19545,0.20174,0.02713
371.2,-0.00755,-6.00E-05,0.19452,0.20095,0.02727
371,-0.00733,-0.00032,0.19347,0.20045,0.02728
370.8,-0.00758,-0.00032,0.19307,0.20025,0.02746
370.6,-0.0077,-0.00014,0.19226,0.19963,0.02755
370.4,-0.00762,-0.00012,0.19118,0.1991,0.02727
370.2,-0.00758,-0.00019,0.19037,0.19861,0.02725
370,-0.00906,-0.00027,0.18875,0.19901,0.02407
369.8,-0.00918,-0.00016,0.18814,0.19862,0.02403
369.6,-0.00917,2.00E-05,0.18759,0.19798,0.02392
369.4,-0.00909,-0.00021,0.18661,0.19749,0.02394
369.2,-0.00901,-0.0004,0.18546,0.19702,0.02371
369,-0.00906,-0.00024,0.1848,0.19658,0.02333
368.8,-0.0092,-3.00E-05,0.18408,0.19628,0.0235
368.6,-0.00921,-0.00014,0.18303,0.19598,0.02367
368.4,-0.00911,2.00E-05,0.18217,0.1955,0.02328
368.2,-0.00904,-3.00E-05,0.18136,0.19472,0.02316
368,-0.00918,2.00E-05,0.18061,0.19446,0.02328
367.8,-0.00919,-5.00E-05,0.1797,0.19428,0.02313
367.6,-0.00917,-0.0002,0.17875,0.19373,0.02299
367.4,-0.0091,-6.00E-05,0.17791,0.19323,0.02283
367.2,-0.0091,2.00E-05,0.17722,0.19291,0.02274
367,-0.00929,9.00E-05,0.17658,0.19278,0.02276
366.8,-0.00921,-8.00E-05,0.17568,0.19212,0.02277
366.6,-0.00905,-0.00034,0.17483,0.19156,0.02275
366.4,-0.00902,-0.00041,0.17415,0.19136,0.02243
366.2,-0.009,-0.00035,0.17329,0.19095,0.02204
366,-0.00886,-0.00041,0.17225,0.19033,0.02188
365.8,-0.00892,-0.00021,0.17166,0.19016,0.0223
365.6,-0.00916,-2.00E-05,0.17107,0.19019,0.02254
365.4,-0.00904,-0.00024,0.16995,0.18953,0.02194
365.2,-0.00893,-0.00057,0.169,0.18902,0.0215
365,-0.00906,-0.00055,0.16854,0.18877,0.02162
364.8,-0.00936,-4.40E-10,0.16809,0.18857,0.0219
364.6,-0.00934,0.00012,0.16727,0.18828,0.02187
364.4,-0.00895,-0.00024,0.16643,0.18773,0.02154
364.2,-0.00897,-0.00014,0.16583,0.18754,0.02148
364,-0.00908,0.00017,0.165,0.18734,0.02147
363.8,-0.00898,-0.0002,0.16409,0.18674,0.02124
363.6,-0.00894,-0.00032,0.16331,0.18641,0.02126
363.4,-0.00896,-1.00E-04,0.16254,0.18632,0.0212
363.2,-0.009,-0.00016,0.16188,0.18626,0.02088
363,-0.00899,-0.00023,0.16152,0.18608,0.02084
362.8,-0.00893,-0.00028,0.16101,0.1856,0.02093
362.6,-0.00917,-3.00E-05,0.16038,0.18538,0.02091
362.4,-0.0092,-7.00E-05,0.1598,0.18504,0.02068
362.2,-0.00904,-8.00E-05,0.15887,0.18463,0.02061
362,-0.00894,-0.00013,0.15805,0.18429,0.0203
361.8,-0.00887,-0.0002,0.15736,0.18392,0.01999
361.6,-0.00914,-2.53E-10,0.15686,0.18408,0.0205
361.4,-0.00892,-0.00016,0.1561,0.184,0.02029
361.2,-0.00872,-0.00036,0.15514,0.18368,0.01984
361,-0.00893,-0.00033,0.15472,0.18349,0.01997
360.8,-0.009,-4.00E-05,0.15395,0.18335,0.01999
360.6,-0.0091,7.00E-05,0.15344,0.18313,0.02001
360.4,-0.00899,5.00E-05,0.15303,0.18282,0.02004
360.2,-0.00898,0.00017,0.15238,0.18279,0.02012
360,-0.00893,-5.00E-05,0.15154,0.18246,0.01968
359.8,-0.00867,-0.00043,0.15078,0.1819,0.01931
359.6,-0.00872,-0.0004,0.1504,0.18198,0.01934
359.4,-0.00883,-0.00039,0.14984,0.18221,0.01962
359.2,-0.00889,-0.00021,0.14916,0.18235,0.01973
359,-0.00907,-6.00E-05,0.14877,0.18251,0.01959
358.8,-0.00918,-0.00011,0.14849,0.18231,0.01957
358.6,-0.00923,0.00014,0.14792,0.18216,0.01973
358.4,-0.00915,0.00026,0.14724,0.18188,0.01976
358.2,-0.00914,0.00018,0.14685,0.1817,0.01951
358,-0.00915,0.00013,0.14639,0.18168,0.01931
357.8,-0.00907,-0.00013,0.14574,0.18166,0.01908
357.6,-0.00894,-0.00053,0.14507,0.18158,0.01895
357.4,-0.00878,-0.00049,0.14417,0.18127,0.01891
357.2,-0.00881,-0.00017,0.14363,0.18127,0.01886
357,-0.00912,8.00E-05,0.14356,0.18165,0.01903
356.8,-0.00918,-4.00E-05,0.14318,0.18166,0.01934
356.6,-0.00908,-0.00016,0.1426,0.18136,0.0192
356.4,-0.00921,0.00017,0.1422,0.18146,0.01912
356.2,-0.00908,0.00013,0.14151,0.18133,0.01882
356,-0.00905,-0.00027,0.14106,0.18131,0.01866
355.8,-0.00902,-0.00035,0.14058,0.18141,0.01874
355.6,-0.00884,-0.00035,0.13979,0.18118,0.01874
355.4,-0.00897,-0.00017,0.13946,0.18113,0.0188
355.2,-0.00906,4.00E-05,0.13902,0.18135,0.01863
355,-0.00896,-1.00E-05,0.13837,0.18143,0.01854
354.8,-0.00906,-3.00E-05,0.13846,0.18145,0.01876
354.6,-0.00908,-0.00025,0.13845,0.1816,0.0186
354.4,-0.00902,-0.00045,0.13767,0.18158,0.01838
354.2,-0.00915,-7.00E-05,0.13712,0.18177,0.01871
354,-0.00914,0.00012,0.13678,0.18187,0.01865
353.8,-0.00897,-0.00021,0.13627,0.18175,0.01838
353.6,-0.00891,-0.00023,0.13577,0.18202,0.01828
353.4,-0.00891,-0.00021,0.13537,0.18228,0.01805
353.2,-0.00903,-0.00011,0.13512,0.18248,0.01815
353,-0.0091,9.00E-05,0.13501,0.18246,0.01837
352.8,-0.00902,-0.00018,0.13483,0.18252,0.01829
352.6,-0.00905,-0.00026,0.13436,0.18275,0.01826
352.4,-0.00903,-0.00024,0.13393,0.18282,0.01823
352.2,-0.0091,-0.00016,0.13364,0.1831,0.01834
352,-0.00904,-0.00016,0.13315,0.1833,0.01815
351.8,-0.00898,-0.00027,0.13297,0.18353,0.01808
351.6,-0.00903,-0.00022,0.13274,0.18387,0.01819
351.4,-0.00915,-8.00E-05,0.13233,0.18396,0.01802
351.2,-0.0093,5.00E-05,0.13202,0.1841,0.01811
351,-0.0092,-3.00E-05,0.13183,0.18431,0.01812
350.8,-0.00903,-0.00013,0.13144,0.18428,0.01779
350.6,-0.00901,-0.00016,0.13109,0.18453,0.01773
350.4,-0.0089,-0.00038,0.13091,0.18477,0.01768
350.2,-0.00885,-0.00051,0.13054,0.18478,0.01756
350,-0.00912,-0.0002,0.13036,0.1851,0.01791
