wl,val_Hglamp,val_a,val_b,int_Hglamp,int_a,int_b,pc_Hglamp,pc_a,pc_b
360,0.225301,0.000964,0.000546,15.0239836,0.681130604,0.048446886,66.684052,706.567017,88.73056
361,0.450602,0.001928,0.001093,30.0479672,1.362261209,0.096982502,,,
362,0.534448,0.00289,0.001184,35.63915822,2.041978679,0.105056983,,,
363,0.618293,0.000966,0.001001,41.23028256,0.682543738,0.088819291,,,
364,0.66326,0.000658,0.001191,44.22886433,0.464921097,0.105678097,,,
365,0.708228,0.00035,0.001381,47.22751278,0.247298456,0.122536903,,,
366,0.735211,0.000223,0.000763,49.02684855,0.157564445,0.067701417,,,
367,0.739416,0.000612,0.000832,49.30725499,0.432419014,0.073823826,,,
368,0.743621,0.001002,0.000901,49.58766143,0.707980151,0.079946235,,,
369,0.69016,0.001486,0.001003,46.02266533,1.049958587,0.088996752,,,
370,0.636699,0.00197,0.001106,42.45766922,1.391937023,0.098135999,,,
371,0.544507,0.002051,0.001254,36.3099331,1.449168952,0.111268122,,,
372,0.452315,0.002132,0.001403,30.16219698,1.50640088,0.124488976,,,
373,0.376432,0.001862,0.001462,25.10201106,1.315627786,0.129724079,,,
374,0.300549,0.001592,0.001345,20.04182514,1.124854691,0.119342603,,,
375,0.263936,0.001125,0.001383,17.60032195,0.794887894,0.122714364,,,
376,0.227323,0.000658,0.001421,15.15881875,0.464921097,0.126086126,,,
377,0.208691,0.000522,0.001365,13.9163615,0.368827983,0.121117214,,,
378,0.190058,0.000387,0.00131,12.67383756,0.273441436,0.116237034,,,
379,0.178478,0.000691,0.001219,11.90163623,0.488237809,0.108162553,,,
380,0.166897,0.000995,0.001128,11.12936823,0.703034182,0.100088072,,,
381,0.151877,0.00196,0.001129,10.12777377,1.384871353,0.100176802,,,
382,0.149944,0.002335,0.001157,9.998873493,1.649833985,0.102661258,,,
383,0.148012,0.001586,0.001186,9.870039905,1.120615289,0.105234444,,,
384,0.144745,0.001468,0.001453,9.652183107,1.037240381,0.128925504,,,
385,0.141478,0.001351,0.001721,9.434326309,0.95457204,0.152705294,,,
386,0.140099,0.000896,0.001784,9.342369001,0.633084047,0.158295319,,,
387,0.13872,0.000442,0.001658,9.250411693,0.312302622,0.147115268,,,
388,0.137756,0.000221,0.001399,9.186128267,0.156151311,0.124134053,,,
389,0.136792,0.000033,0.001139,9.121844841,0.023316712,0.101064108,,,
390,0.134372,0.000033,0.001057,8.960469435,0.023316712,0.093788202,,,
391,0.131951,0.000066,0.000974,8.799027345,0.046633423,0.086423565,,,
392,0.130354,0.000711,0.001089,8.692532914,0.502369149,0.09662758,,,
393,0.128758,0.001356,0.001205,8.586105167,0.958104875,0.106920325,,,
394,0.127181,0.00157,0.001234,8.480944417,1.109310217,0.109493511,,,
395,0.125604,0.001784,0.001176,8.375783667,1.260515558,0.104347139,,,
396,0.12502,0.001494,0.001285,8.336840181,1.055611123,0.11401877,,,
397,0.147148,0.001227,0.001373,9.812424884,0.86695773,0.121827059,,,
398,0.169277,0.000959,0.001461,11.28807627,0.677597769,0.129635348,,,
399,0.261421,0.00048,0.00113,17.43261156,0.339152168,0.100265533,,,
400,0.353566,0.000159,0.000798,23.57721353,0.112344156,0.070806987,,,
401,0.41923,0.000159,0.000997,27.95595512,0.112344156,0.088464368,,,
402,0.484895,0.000317,0.001195,32.33476339,0.223981744,0.106033019,,,
403,0.512547,0.000667,0.001334,34.1787108,0.4712802,0.118366567,,,
404,0.540199,0.001017,0.001473,36.02265821,0.718578656,0.130700115,,,
405,0.545232,0.001224,0.001223,36.35827904,0.864838029,0.108517475,,,
406,0.550265,0.001432,0.000973,36.69389987,1.011803968,0.086334835,,,
407,0.554115,0.001485,0.001221,36.95063347,1.04925202,0.108340014,,,
408,0.557965,0.001378,0.00147,37.20736707,0.973649349,0.130433923,,,
409,0.498931,0.001471,0.001164,33.27074075,1.039360082,0.103282372,,,
410,0.411714,0.000748,0.001034,27.45475779,0.528512129,0.091747399,,,
411,0.324497,0.000025,0.000904,21.63877482,0.017664175,0.080212426,,,
412,0.270127,0.000044,0.00094,18.01316291,0.031088949,0.083406726,,,
413,0.215756,0.000063,0.000977,14.38748432,0.044513722,0.086689757,,,
414,0.194092,0.000346,0.000884,12.94284102,0.244472188,0.078437815,,,
415,0.172427,0.000628,0.000791,11.49813103,0.443724087,0.070185873,,,
416,0.166092,0.00103,0.000928,11.07568756,0.727764028,0.08234196,,,
417,0.159757,0.001431,0.001064,10.6532441,1.011097401,0.094409316,,,
418,0.157572,0.001643,0.001132,10.50753944,1.160889609,0.100442994,,,
419,0.155387,0.00122,0.0012,10.36183479,0.862011761,0.106476672,,,
420,0.155783,0.001142,0.001358,10.38824167,0.806899533,0.1204961,,,
421,0.15618,0.001065,0.001516,10.41471524,0.752493873,0.134515529,,,
422,0.16406,0,0.001101,10.94018557,0,0.097692347,,,
423,0.171528,0,0.001074,11.43818207,0,0.095296621,,,
424,0.178996,0.000304,0.001047,11.93617857,0.214796373,0.092900896,,,
425,0.192237,0.000304,0.001088,12.8191421,0.214796373,0.096538849,,,
426,0.205478,0.000607,0.00113,13.70210564,0.428886179,0.100265533,,,
427,0.224795,0.000774,0.001024,14.99024147,0.546882871,0.090860093,,,
428,0.244112,0.00094,0.000918,16.2783773,0.664172996,0.081454654,,,
429,0.326484,0.001202,0.000904,21.77127603,0.849293554,0.080212426,,,
430,0.408855,0.001465,0.00089,27.26410808,1.03512068,0.078970198,,,
431,0.556543,0.001501,0.001159,37.11254235,1.060557093,0.102838719,,,
432,0.70423,0.001537,0.001429,46.96090994,1.085993505,0.12679597,,,
433,0.787755,0.001163,0.001233,52.53069538,0.821737441,0.10940478,,,
434,0.87128,0.000789,0.001037,58.10048083,0.557481376,0.092013591,,,
435,0.891523,0.000063,0.001084,59.45036609,0.044513722,0.096183927,,,
436,0.894409,0.000063,0.001044,59.64281627,0.044513722,0.092634705,,,
437,0.888638,0.000063,0.001003,59.2579826,0.044513722,0.088996752,,,
438,0.869819,0.00043,0.000981,58.00305543,0.303823817,0.087044679,,,
439,0.851,0.000797,0.000958,56.74812825,0.563133913,0.085003876,,,
440,0.784991,0.00091,0.001134,52.34638066,0.642975985,0.100620455,,,
441,0.718983,0.001023,0.001309,47.94469976,0.722818058,0.116148303,,,
442,0.569977,0.00095,0.001455,38.00837591,0.671238666,0.129102965,,,
443,0.420971,0.000877,0.001602,28.07205205,0.619659274,0.142146357,,,
444,0.3417,0.000829,0.002,22.78594057,0.585744057,0.17746112,,,
445,0.262429,0.000782,0.002398,17.49982908,0.552535407,0.212775883,,,
446,0.198714,0.000511,0.003256,13.25105471,0.361055746,0.288906703,,,
447,0.184608,0.000384,0.004536,12.31040947,0.271321735,0.40248182,,,
448,0.170503,0.000257,0.005816,11.36983092,0.181587723,0.516056937,,,
449,0.161088,0.000484,0.010653,10.74200057,0.341978436,0.945246656,,,
450,0.151674,0.000712,0.01549,10.1142369,0.503075716,1.374436374,,,
451,0.145385,0.000784,0.035172,9.6948609,0.553948541,3.120831256,,,
452,0.139097,0.000855,0.054855,9.275551581,0.6041148,4.867314869,,,
453,0.133414,0.000918,0.106912,8.896586114,0.648628522,9.486361631,,,
454,0.12773,0.000792,0.158969,8.517553962,0.559601077,14.10540839,,,
455,0.123287,0.000764,0.237858,8.221276719,0.539817201,21.10527354,,,
456,0.118844,0.000736,0.316748,7.924999476,0.520033325,28.10522742,,,
457,0.115476,0.000469,0.401538,7.700407589,0.331379931,35.6286916,,,
458,0.112108,0.000202,0.486328,7.475815702,0.142726537,43.15215578,,,
459,0.104504,0.000082,0.645055,6.96875017,0.057938495,57.23609138,,,
460,0.101763,0.000082,0.722103,6.785969184,0.057938495,64.07260357,,,
461,0.099022,0.000165,0.799151,6.603188197,0.116583558,70.90911575,,,
462,0.097611,0.000412,0.865519,6.509097,0.291105611,76.79798556,,,
463,0.0962,0.000659,0.931888,6.415005802,0.465627664,82.6869441,,,
464,0.095602,0.000985,0.962656,6.375128739,0.695968512,85.41700597,,,
465,0.095005,0.001312,0.993425,6.33531836,0.927015926,88.14715657,,,
466,0.09531,0.001348,1,6.355656996,0.952452339,88.73056,,,
467,0.095614,0.001385,0.986849,6.375928948,0.978595319,87.56366441,,,
468,0.09639,0.000868,0.977652,6.427675772,0.613300171,86.74760945,,,
469,0.097166,0.000352,0.968455,6.479422597,0.24871159,85.93155448,,,
470,0.097133,0,0.909803,6.477222023,0,80.72732968,,,
471,0.097566,0,0.868756,6.506096217,0,77.08520638,,,
472,0.097999,0.000304,0.82771,6.534970412,0.214796373,73.44317182,,,
473,0.098309,0.000304,0.759457,6.555642468,0.214796373,67.38704491,,,
474,0.09769,0.000607,0.691204,6.51436504,0.428886179,61.33091799,,,
475,0.098122,0.000925,0.617774,6.54317255,0.653574491,54.81543297,,,
476,0.098554,0.001242,0.544345,6.571980061,0.877556235,48.30003668,,,
477,0.098612,0.001311,0.468677,6.575847736,0.926309359,41.58597267,,,
478,0.098671,0.001379,0.393009,6.579782095,0.974355916,34.87190866,,,
479,0.099353,0.000802,0.251928,6.625260618,0.566666748,22.35371252,,,
480,0.099809,0.000637,0.190974,6.655668546,0.45008319,16.94522997,,,
481,0.100265,0.000471,0.13002,6.686076474,0.332793065,11.53674741,,,
482,0.101665,0.000236,0.087254,6.779434147,0.166749816,7.742096282,,,
483,0.103064,0.000278,0.044489,6.872725135,0.196425631,3.947533884,,,
484,0.104359,0.000278,0.028304,6.959080983,0.196425631,2.51142977,,,
485,0.105653,0.000557,0.012119,7.045370146,0.393557828,1.075325657,,,
486,0.107111,0.000794,0.008657,7.142595494,0.561014211,0.768140458,,,
487,0.108569,0.00103,0.005195,7.239820842,0.727764028,0.460955259,,,
488,0.108791,0.001123,0.004082,7.254624701,0.79347476,0.362198146,,,
489,0.109012,0.000938,0.002968,7.269361877,0.662759862,0.263352302,,,
490,0.107688,0.000788,0.002046,7.181072192,0.556774809,0.181542726,,,
491,0.105647,0.000569,0.001838,7.044970042,0.402036633,0.163086769,,,
492,0.103607,0.000349,0.00163,6.908934576,0.246591889,0.144630813,,,
493,0.101294,0.000291,0.001373,6.754694363,0.205611002,0.121827059,,,
494,0.098981,0.000234,0.001116,6.600454151,0.165336682,0.099023305,,,
495,0.095717,0.000117,0.00091,6.382797405,0.082668341,0.08074481,,,
496,0.092453,0.000247,0.000704,6.16514066,0.174522053,0.062466314,,,
497,0.089147,0.000247,0.000815,5.944683184,0.174522053,0.072315406,,,
498,0.085841,0.000495,0.000927,5.724225708,0.349750673,0.082253229,,,
499,0.080331,0.000947,0.001023,5.356796581,0.669118965,0.090771363,,,
500,0.077946,0.001077,0.001061,5.197755117,0.760972677,0.094143124,,,
501,0.07556,0.001207,0.001098,5.038646969,0.85282639,0.097426155,,,
502,0.0734,0.000775,0.000995,4.894609417,0.547589438,0.088286907,,,
503,0.07124,0.000343,0.000891,4.750571864,0.242352487,0.079058929,,,
504,0.070173,0.000171,0.000883,4.679419981,0.12082296,0.078349084,,,
505,0.069107,0.000186,0.000874,4.608334782,0.131421465,0.077550509,,,
506,0.069075,0.000186,0.000792,4.606200892,0.131421465,0.070274604,,,
507,0.069043,0.000372,0.000711,4.604067002,0.26284293,0.063087428,,,
508,0.068779,0.000541,0.000582,4.586462413,0.382252756,0.051641186,,,
509,0.068515,0.00071,0.000452,4.568857823,0.501662582,0.040106213,,,
510,0.067788,0.001347,0.000322,4.520378517,0.951745772,0.02857124,,,
511,0.068161,0.001431,0.000617,4.545251668,1.011097401,0.054746756,,,
512,0.068534,0.001515,0.000912,4.57012482,1.070449031,0.080922271,,,
513,0.068629,0.001361,0.000947,4.576459805,0.96163771,0.08402784,,,
514,0.068723,0.001208,0.000877,4.582728106,0.853532957,0.077816701,,,
515,0.068762,0.000911,0.000767,4.585328784,0.643682552,0.06805634,,,
516,0.068802,0.000614,0.000658,4.587996146,0.433832148,0.058384708,,,
517,0.068143,0.000249,0.000317,4.544051355,0.175935187,0.028127588,,,
518,0.068258,0.000636,0.000405,4.551720021,0.449376623,0.035935877,,,
519,0.068374,0.001023,0.000493,4.559455371,0.722818058,0.043744166,,,
520,0.068926,0.001638,0.000388,4.596264968,1.157356774,0.034427457,,,
521,0.069478,0.002252,0.000283,4.633074565,1.591188922,0.025110748,,,
522,0.069887,0.002848,0.000522,4.660348342,2.012302864,0.046317352,,,
523,0.070295,0.003443,0.000761,4.687555435,2.43271024,0.067523956,,,
524,0.07156,0.00519,0.000888,4.771910761,3.667082818,0.078792737,,,
525,0.072824,0.006936,0.001016,4.856199403,4.90074883,0.090150249,,,
526,0.07527,0.012988,0.000638,5.019308594,9.176892417,0.056610097,,,
527,0.077912,0.0188,0.000506,5.195487859,13.28345992,0.044897663,,,
528,0.080553,0.024613,0.000375,5.371600441,17.39073399,0.03327396,,,
529,0.084165,0.033156,0.000286,5.612463237,23.42693602,0.02537694,,,
530,0.087777,0.041699,0.000197,5.853326032,29.46313804,0.01747992,,,
531,0.093621,0.052997,0.000333,6.243027632,37.4459322,0.029547276,,,
532,0.099464,0.064296,0.000469,6.632662548,45.42943293,0.041614633,,,
533,0.107215,0.077858,0.000522,7.149530635,55.01189481,0.046317352,,,
534,0.114966,0.091419,0.000416,7.666398722,64.59365013,0.036911913,,,
535,0.138329,0.124803,0.000635,9.224338229,88.18168342,0.056343906,,,
536,0.15943,0.149692,0.000682,10.63143841,105.7674299,0.060514242,,,
537,0.18053,0.174581,0.000729,12.03847191,123.3531764,0.064684578,,,
538,0.234706,0.229509,0.000623,15.65114711,162.1634895,0.055279139,,,
539,0.288881,0.284437,0.000517,19.26375563,200.9738026,0.0458737,,,
540,0.396383,0.393093,0.000463,26.43242458,277.7465484,0.041082249,,,
541,0.503885,0.501749,0.000409,33.60109354,354.5192942,0.036290799,,,
542,0.739999,0.749474,0.000263,49.3461318,529.5536085,0.023336137,,,
543,0.818735,0.834367,0.000273,54.59656731,589.5362023,0.024223443,,,
544,0.897471,0.91926,0.000284,59.84700283,649.518796,0.025199479,,,
545,0.936987,0.957105,0.0004,62.48208983,676.2588248,0.035492224,,,
546,0.976503,0.99495,0.000516,65.11717683,702.9988536,0.045784969,,,
547,0.988252,0.997475,0.000557,65.90064776,704.7829353,0.049422922,,,
548,1,1,0.000599,66.684052,706.567017,0.053149605,,,
549,0.978477,0.965891,0.000464,65.24881115,682.4667226,0.04117098,,,
550,0.956954,0.931781,0.000329,63.8135703,658.3657217,0.029192354,,,
551,0.782814,0.731857,0.000367,52.20120948,517.1060174,0.032564116,,,
552,0.658214,0.590078,0.00032,43.8923766,416.9296523,0.028393779,,,
553,0.533615,0.448299,0.000273,35.58361041,316.7532872,0.024223443,,,
554,0.442352,0.33719,0.000312,29.49782377,238.2473325,0.027683935,,,
555,0.35109,0.226081,0.000352,23.41210382,159.7413778,0.031233157,,,
556,0.30134,0.164101,0.00048,20.09457223,115.9483541,0.042590669,,,
557,0.25159,0.102121,0.000608,16.77704064,72.15533034,0.05394818,,,
558,0.199407,0.043312,0.000824,13.29726676,30.60283064,0.073113981,,,
559,0.185032,0.030756,0.000608,12.33868351,21.73117517,0.05394818,,,
560,0.170656,0.018199,0.000392,11.38003358,12.85881314,0.03478238,,,
561,0.164927,0.013187,0.000443,10.99800064,9.317499253,0.039307638,,,
562,0.159197,0.008175,0.000493,10.61590103,5.776185364,0.043744166,,,
563,0.159908,0.006352,0.000266,10.66331339,4.488113692,0.023602329,,,
564,0.160619,0.004529,0.00004,10.71072575,3.20004202,0.003549222,,,
565,0.178802,0.002799,0.000238,11.92324187,1.977681081,0.021117873,,,
566,0.201196,0.002504,0.000119,13.41656453,1.769243811,0.010558937,,,
567,0.22359,0.002209,0.000149,14.90988719,1.560806541,0.013220853,,,
568,0.266389,0.001979,0.000149,17.76389793,1.398296127,0.013220853,,,
569,0.309188,0.001748,0.000298,20.61790867,1.235079146,0.026441707,,,
570,0.373494,0.001404,0.000398,24.90609332,0.992020092,0.035314763,,,
571,0.4378,0.001059,0.000198,29.19427797,0.748254471,0.017568651,,,
572,0.587347,0.000249,0.000099,39.16667789,0.175935187,0.008784325,,,
573,0.653023,0.000389,0.00005,43.54621969,0.27485457,0.004436528,,,
574,0.718698,0.000529,0,47.9256948,0.373773952,0,,,
575,0.763944,0.000577,0,50.94288142,0.407689169,0,,,
576,0.80919,0.000625,0,53.96006804,0.441604386,0,,,
577,0.827871,0.000956,0.000179,55.20579281,0.675478068,0.01588277,,,
578,0.846552,0.001286,0.000179,56.45151759,0.908645184,0.01588277,,,
579,0.82158,0.001439,0.000359,54.78628344,1.016749937,0.031854271,,,
580,0.778816,0.001127,0.000449,51.93460664,0.796301028,0.039840021,,,
581,0.736053,0.000815,0.000539,49.08299653,0.575852119,0.047825772,,,
582,0.670006,0.000518,0.00035,44.67871494,0.366001715,0.031055696,,,
583,0.603958,0.000221,0.000161,40.27436668,0.156151311,0.01428562,,,
584,0.53286,0.000174,0.000272,35.53326395,0.122942661,0.024134712,,,
585,0.461761,0.000127,0.000384,30.79209454,0.089734011,0.034072535,,,
586,0.341383,0.000571,0.00004,22.76480172,0.403449767,0.003549222,,,
587,0.300859,0.000875,0.00002,20.0624972,0.61824614,0.001774611,,,
588,0.260336,0.00118,0.000244,17.36025936,0.83374908,0.021650257,,,
589,0.233465,0.001229,0.000244,15.5683922,0.868370864,0.021650257,,,
590,0.206595,0.001279,0.000489,13.77659172,0.903699215,0.043389244,,,
591,0.170922,0.000992,0.000469,11.39777154,0.700914481,0.041614633,,,
592,0.159303,0.000817,0.000449,10.62296954,0.577265253,0.039840021,,,
593,0.147685,0.000643,0.00043,9.84823422,0.454322592,0.038154141,,,
594,0.138732,0.000322,0.000256,9.251211902,0.227514579,0.022715023,,,
595,0.129779,0.000194,0.000082,8.654189585,0.137074001,0.007275906,,,
596,0.123312,0.000194,0.000041,8.22294382,0.137074001,0.003637953,,,
597,0.116846,0.000388,0.000021,7.79176474,0.274148003,0.001863342,,,
598,0.107285,0.000649,0.000041,7.154198519,0.458561994,0.003637953,,,
599,0.103643,0.000861,0.000186,6.911335201,0.608354202,0.016503884,,,
600,0.100001,0.001073,0.000332,6.668471884,0.758146409,0.029458546,,,
601,0.097321,0.000865,0.000344,6.489758625,0.61118047,0.030523313,,,
602,0.09464,0.000657,0.000356,6.310978681,0.46421453,0.031588079,,,
603,0.089984,0.000624,0.000398,6.000497735,0.440897819,0.035314763,,,
604,0.08846,0.000312,0.000209,5.89887124,0.220448909,0.018544687,,,
605,0.086937,0,0.000021,5.797311429,0,0.001863342,,,
606,0.085645,0,0.000011,5.711155634,0,0.000976036,,,
607,0.084354,0.000401,0,5.625066522,0.283333374,0,,,
608,0.083091,0.000401,0,5.540844565,0.283333374,0,,,
609,0.081828,0.000802,0,5.456622607,0.566666748,0,,,
610,0.079745,0.001273,0.00015,5.317719727,0.899459813,0.013309584,,,
611,0.079514,0.0013,0.00015,5.302315711,0.918537122,0.013309584,,,
612,0.079284,0.001246,0.0003,5.286978379,0.880382503,0.026619168,,,
613,0.078378,0.001183,0.000399,5.226562628,0.835868781,0.035403493,,,
614,0.077472,0.001119,0.000497,5.166146877,0.790648492,0.044099088,,,
615,0.075587,0,0.000346,5.040447439,0,0.030700774,,,
616,0.074503,0,0.000173,4.968161926,0,0.015350387,,,
617,0.07342,0.000103,0,4.895943098,0.072776403,0,,,
618,0.072813,0.000103,0.000121,4.855465878,0.072776403,0.010736398,,,
619,0.072206,0.000206,0.000121,4.814988659,0.145552806,0.010736398,,,
620,0.071759,0.000757,0.000241,4.785180887,0.534871232,0.021384065,,,
621,0.071527,0.00095,0.000319,4.769710187,0.671238666,0.028305049,,,
622,0.071295,0.001144,0.000397,4.754239487,0.808312667,0.035226032,,,
623,0.071088,0.001042,0.00051,4.740435889,0.736242832,0.045252586,,,
624,0.07088,0.000941,0.000622,4.726565606,0.664879563,0.055190408,,,
625,0.070267,0.00021,0.000312,4.685688282,0.148379074,0.027683935,,,
626,0.069941,0.00014,0.000156,4.663949281,0.098919382,0.013841967,,,
627,0.069616,0.00007,0,4.642276964,0.049459691,0,,,
628,0.069315,0.000088,0.000135,4.622205064,0.062177897,0.011978626,,,
629,0.069014,0.000106,0.000135,4.602133165,0.074896104,0.011978626,,,
630,0.068248,0.001128,0.000269,4.551053181,0.797007595,0.023868521,,,
631,0.068277,0.001149,0.000381,4.552987018,0.811845503,0.033806343,,,
632,0.068307,0.00117,0.000158,4.55498754,0.82668341,0.014019428,,,
633,0.067954,0.001316,0.000408,4.53144807,0.929842194,0.036202068,,,
634,0.067601,0.001462,0.000659,4.507908599,1.033000979,0.058473439,,,
635,0.066312,0.000107,0.000159,4.421952856,0.075602671,0.014108159,,,
636,0.065839,0.000054,0.000286,4.3904113,0.038154619,0.02537694,,,
637,0.065366,0,0.000413,4.358869743,0,0.036645721,,,
638,0.064999,0.000364,0.000456,4.334396696,0.257190394,0.040461135,,,
639,0.064632,0.000364,0.000369,4.309923649,0.257190394,0.032741577,,,
640,0.063387,0.000729,0.000058,4.226902004,0.515087355,0.005146372,,,
641,0.06314,0.001226,0.000058,4.210431043,0.866251163,0.005146372,,,
642,0.062893,0.001723,0.000117,4.193960082,1.21741497,0.010381476,,,
643,0.062883,0.00125,0.000282,4.193293242,0.883208771,0.025022018,,,
644,0.062873,0.000776,0.000447,4.192626401,0.548296005,0.03966256,,,
645,0.062228,0.00119,0.000332,4.149615188,0.84081475,0.029458546,,,
646,0.061495,0.000595,0.000465,4.100735778,0.420407375,0.04125971,,,
647,0.060761,0,0.000597,4.051789684,0,0.052972144,,,
648,0.06061,0,0.000311,4.041720392,0,0.027595204,,,
649,0.060458,0,0.000024,4.031584416,0,0.002129533,,,
650,0.059226,0.000635,0.000267,3.949429664,0.448670056,0.02369106,,,
651,0.059227,0.000635,0.000363,3.949496348,0.448670056,0.032209193,,,
652,0.059229,0.001269,0.000172,3.949629716,0.896633545,0.015261656,,,
653,0.05912,0.001452,0.000321,3.942361154,1.025935309,0.02848251,,,
654,0.059012,0.001087,0.00047,3.935159277,0.768038347,0.041703363,,,
655,0.058229,0.000861,0.000399,3.882945664,0.608354202,0.035403493,,,
656,0.058112,0.000549,0.000312,3.87514363,0.387905292,0.027683935,,,
657,0.057994,0.000237,0.000226,3.867274912,0.167456383,0.020053107,,,
658,0.057028,0,0.000076,3.802858117,0,0.006743523,,,
659,0.056702,0,0.000038,3.781119117,0,0.003371761,,,
660,0.056377,0.000486,0.000013,3.7594468,0.34339157,0.001153497,,,
661,0.056206,0.000486,0.000013,3.748043827,0.34339157,0.001153497,,,
662,0.056036,0.000973,0.000026,3.736707538,0.687489708,0.002306995,,,
663,0.056659,0.000899,0.000208,3.778251702,0.635203748,0.018455956,,,
664,0.057018,0.00113,0.000406,3.802191277,0.798420729,0.036024607,,,
665,0.056301,0.001361,0.000604,3.754378812,0.96163771,0.053593258,,,
666,0.055975,0.001034,0.000448,3.732639811,0.730590296,0.039751291,,,
667,0.055648,0.000707,0.000291,3.710834126,0.499542881,0.025820593,,,
668,0.055279,0,0.000293,3.686227711,0,0.025998054,,,
669,0.05495,0.000128,0.000147,3.664288657,0.090440578,0.013043392,,,
670,0.054622,0.000128,0,3.642416288,0.090440578,0,,,
671,0.054129,0.000255,0.00015,3.609541051,0.180174589,0.013309584,,,
672,0.054444,0.000771,0.00015,3.630546527,0.54476317,0.013309584,,,
673,0.054758,0.001286,0.0003,3.651485319,0.908645184,0.026619168,,,
674,0.054341,0.001355,0.000315,3.62367807,0.957398308,0.027950126,,,
675,0.053923,0.001423,0.00033,3.595804136,1.005444865,0.029281085,,,
676,0.053804,0.001043,0.000387,3.587868734,0.736949399,0.034338727,,,
677,0.053501,0.000631,0.00044,3.567663466,0.445843788,0.039041446,,,
678,0.053198,0.000219,0.000335,3.547458198,0.154738177,0.029724738,,,
679,0.052449,0.000178,0.000127,3.497511843,0.125768929,0.011268781,,,
680,0.052307,0.000178,0.000127,3.488042708,0.125768929,0.011268781,,,
681,0.052166,0.000355,0.000255,3.478640257,0.250831291,0.022626293,,,
682,0.052219,0.000804,0.000184,3.482174511,0.568079882,0.016326423,,,
683,0.052272,0.001253,0.000114,3.485708766,0.885328472,0.010115284,,,
684,0.052933,0.001625,0.000334,3.529786925,1.148171403,0.029636007,,,
685,0.053228,0.00184,0.000334,3.54945872,1.300083311,0.029636007,,,
686,0.053524,0.001411,0.000667,3.569197199,0.996966061,0.059183284,,,
687,0.053887,0.00046,0.000556,3.59340351,0.325020828,0.049334191,,,
688,0.053922,0.00023,0.000529,3.595737452,0.162510414,0.046938466,,,
689,0.053957,0.000117,0.000502,3.598071394,0.082668341,0.044542741,,,
690,0.054182,0.000117,0.00034,3.613075305,0.082668341,0.03016839,,,
691,0.054407,0.000234,0.000179,3.628079217,0.165336682,0.01588277,,,
692,0.053938,0.001038,0.00003,3.596804397,0.733416564,0.002661917,,,
693,0.054475,0.001208,0.000015,3.632613733,0.853532957,0.001330958,,,
694,0.055013,0.001378,0.000398,3.668489753,0.973649349,0.035314763,,,
695,0.054971,0.001296,0.000795,3.665689022,0.915710854,0.070540795,,,
696,0.054332,0.001156,0.000912,3.623077913,0.816791472,0.080922271,,,
697,0.053693,0.001015,0.000678,3.580466804,0.717165522,0.06015932,,,
698,0.05259,0.000508,0.000603,3.506914295,0.358936045,0.053504528,,,
699,0.051488,0.000123,0.000529,3.433428469,0.086907743,0.046938466,,,
700,0.050935,0.000246,0.000111,3.396552189,0.173815486,0.009849092,,,
701,0.050326,0.000347,0.000111,3.355941601,0.245178755,0.009849092,,,
702,0.049717,0.000448,0.000222,3.315331013,0.316542024,0.019698184,,,
703,0.049568,0.001807,0.000576,3.30539509,1.2767666,0.051108803,,,
704,0.049563,0.001816,0.000699,3.305061669,1.283125703,0.062022661,,,
705,0.049557,0.001825,0.000452,3.304661565,1.289484806,0.040106213,,,
706,0.049349,0.000819,0.000456,3.290791282,0.578678387,0.040461135,,,
707,0.049011,0.000409,0.000574,3.268252073,0.28898591,0.050931341,,,
708,0.048674,0,0.000691,3.245779547,0,0.061312817,,,
709,0.047472,0.000132,0.000233,3.165625317,0.093266846,0.02067422,,,
710,0.047405,0.000132,0.000116,3.161157485,0.093266846,0.010292745,,,
711,0.047337,0.000263,0.000253,3.15662297,0.185827125,0.022448832,,,
712,0.047164,0.000848,0.000253,3.145086629,0.59916883,0.022448832,,,
713,0.046991,0.001432,0.000507,3.133550288,1.011803968,0.044986394,,,
714,0.047125,0.001932,0.000205,3.142485951,1.365087477,0.018189765,,,
715,0.047135,0.001425,0.000533,3.143152791,1.006857999,0.047293388,,,
716,0.047144,0.000919,0.000861,3.143752947,0.649335089,0.076397012,,,
717,0.045964,0.000929,0.000453,3.065065766,0.656400759,0.040194944,,,
718,0.045621,0.00052,0.000349,3.042193136,0.367414849,0.030966965,,,
719,0.045278,0.00011,0.000246,3.019320506,0.077722372,0.021827718,,,
720,0.044347,0.000056,0.000018,2.957237654,0.039567753,0.00159715,,,
721,0.044321,0.000761,0.000018,2.955503869,0.5376975,0.00159715,,,
722,0.044296,0.001466,0.000036,2.953836767,1.035827247,0.0031943,,,
723,0.044327,0.001543,0.0004,2.955903973,1.090232907,0.035492224,,,
724,0.044802,0.001752,0.000623,2.987578898,1.237905414,0.055279139,,,
725,0.045278,0.001961,0.000845,3.019320506,1.38557792,0.074977323,,,
726,0.043927,0.000643,0.000671,2.929230352,0.454322592,0.059538206,,,
727,0.043791,0.000322,0.000411,2.920161321,0.227514579,0.03646826,,,
728,0.043654,0.00003,0.00015,2.911025606,0.021197011,0.013309584,,,
729,0.042318,0.00006,0.000154,2.821935713,0.042394021,0.013664506,,,
730,0.042202,0.000754,0.000154,2.814200363,0.532751531,0.013664506,,,
731,0.042087,0.001448,0.000307,2.806531697,1.023109041,0.027240282,,,
732,0.041903,0.002035,0.000173,2.794261831,1.43786388,0.015350387,,,
733,0.041719,0.002622,0.000039,2.781991965,1.852618719,0.003460492,,,
734,0.042182,0.002223,0.000511,2.812866681,1.570698479,0.045341316,,,
735,0.041829,0.002171,0.000673,2.789327211,1.533956994,0.059715667,,,
736,0.041476,0.002119,0.000834,2.765787741,1.497215509,0.074001287,,,
737,0.040417,0.000252,0.000723,2.69516933,0.178054888,0.064152195,,,
738,0.039903,0.000349,0.000544,2.660893727,0.246591889,0.048269425,,,
739,0.039388,0.000446,0.000365,2.62655144,0.31512889,0.032386654,,,
740,0.039345,0.000516,0.000329,2.623684026,0.364588581,0.029192354,,,
741,0.039333,0.001497,0.000414,2.622883817,1.057730824,0.036734452,,,
742,0.03932,0.002479,0.000499,2.622016925,1.751579635,0.044276549,,,
743,0.040134,0.002638,0.000756,2.676297743,1.863923791,0.067080303,,,
744,0.040834,0.002253,0.001207,2.722976579,1.591895489,0.107097786,,,
745,0.039434,0.001869,0.001658,2.629618907,1.320573755,0.147115268,,,
746,0.038556,0.001419,0.001119,2.571070309,1.002618597,0.099289497,,,
747,0.038301,0.00071,0.000865,2.554065876,0.501662582,0.076751934,,,
748,0.038046,0.000243,0.00061,2.537061442,0.171695785,0.054125642,,,
749,0.037382,0.000485,0,2.492783232,0.342685003,0,,,
750,0.037671,0.001366,0.000317,2.512054923,0.965170545,0.028127588,,,
751,0.037961,0.002246,0.000317,2.531393298,1.58694952,0.028127588,,,
752,0.037851,0.002631,0.000634,2.524058052,1.858977822,0.056255175,,,
753,0.038031,0.002397,0.000901,2.536061182,1.69364114,0.079946235,,,
754,0.03821,0.002164,0.000368,2.547997627,1.529011025,0.032652846,,,
755,0.037165,0.000658,0.000978,2.478312793,0.464921097,0.086778488,,,
756,0.036374,0.000366,0.000654,2.425565707,0.258603528,0.058029786,,,
757,0.035582,0.000074,0.00033,2.372751938,0.052285959,0.029281085,,,
758,0.035711,0.00015,0.000287,2.381354181,0.105985053,0.025465671,,,
759,0.035265,0.000454,0.000288,2.351613094,0.320781426,0.025554401,,,
760,0.034819,0.000758,0.00029,2.321872007,0.535577799,0.025731862,,,
